Date,State,Cured,Deaths,Confirmed
27/04/20,Andaman and Nicobar Islands,11,0,33
26/03/20,Andaman and Nicobar Islands,0,0,1
27/03/20,Andaman and Nicobar Islands,0,0,1
28/03/20,Andaman and Nicobar Islands,0,0,6
29/03/20,Andaman and Nicobar Islands,0,0,9
30/03/20,Andaman and Nicobar Islands,0,0,9
31/03/20,Andaman and Nicobar Islands,0,0,10
01/04/20,Andaman and Nicobar Islands,0,0,10
02/04/20,Andaman and Nicobar Islands,0,0,10
03/04/20,Andaman and Nicobar Islands,0,0,10
04/04/20,Andaman and Nicobar Islands,0,0,10
05/04/20,Andaman and Nicobar Islands,0,0,10
06/04/20,Andaman and Nicobar Islands,0,0,10
07/04/20,Andaman and Nicobar Islands,0,0,10
08/04/20,Andaman and Nicobar Islands,0,0,10
09/04/20,Andaman and Nicobar Islands,0,0,11
10/04/20,Andaman and Nicobar Islands,0,0,11
11/04/20,Andaman and Nicobar Islands,0,0,11
12/04/20,Andaman and Nicobar Islands,10,0,11
13/04/20,Andaman and Nicobar Islands,10,0,11
14/04/20,Andaman and Nicobar Islands,10,0,11
15/04/20,Andaman and Nicobar Islands,10,0,11
16/04/20,Andaman and Nicobar Islands,10,0,11
17/04/20,Andaman and Nicobar Islands,10,0,11
18/04/20,Andaman and Nicobar Islands,11,0,12
19/04/20,Andaman and Nicobar Islands,11,0,14
20/04/20,Andaman and Nicobar Islands,11,0,15
21/04/20,Andaman and Nicobar Islands,11,0,16
22/04/20,Andaman and Nicobar Islands,11,0,17
23/04/20,Andaman and Nicobar Islands,11,0,18
24/04/20,Andaman and Nicobar Islands,11,0,22
25/04/20,Andaman and Nicobar Islands,11,0,27
26/04/20,Andaman and Nicobar Islands,11,0,33
27/04/20,Andaman and Nicobar Islands,11,0,33
28/04/20,Andaman and Nicobar Islands,11,0,33
29/04/20,Andaman and Nicobar Islands,15,0,33
30/04/20,Andaman and Nicobar Islands,15,0,33
01/05/20,Andaman and Nicobar Islands,16,0,33
02/05/20,Andaman and Nicobar Islands,16,0,33
03/05/20,Andaman and Nicobar Islands,17,0,33
04/05/20,Andaman and Nicobar Islands,32,0,33
05/05/20,Andaman and Nicobar Islands,32,0,33
06/05/20,Andaman and Nicobar Islands,32,0,33
07/05/20,Andaman and Nicobar Islands,32,0,33
08/05/20,Andaman and Nicobar Islands,33,0,33
09/05/20,Andaman and Nicobar Islands,33,0,33
10/05/20,Andaman and Nicobar Islands,33,0,33
11/05/20,Andaman and Nicobar Islands,33,0,33
12/05/20,Andaman and Nicobar Islands,33,0,33
13/05/20,Andaman and Nicobar Islands,33,0,33
14/05/20,Andaman and Nicobar Islands,33,0,33
15/05/20,Andaman and Nicobar Islands,33,0,33
16/05/20,Andaman and Nicobar Islands,33,0,33
17/05/20,Andaman and Nicobar Islands,33,0,33
18/05/20,Andaman and Nicobar Islands,33,0,33
19/05/20,Andaman and Nicobar Islands,33,0,33
20/05/20,Andaman and Nicobar Islands,33,0,33
21/05/20,Andaman and Nicobar Islands,33,0,33
22/05/20,Andaman and Nicobar Islands,33,0,33
23/05/20,Andaman and Nicobar Islands,33,0,33
24/05/20,Andaman and Nicobar Islands,33,0,33
25/05/20,Andaman and Nicobar Islands,33,0,33
26/05/20,Andaman and Nicobar Islands,33,0,33
27/05/20,Andaman and Nicobar Islands,33,0,33
28/05/20,Andaman and Nicobar Islands,33,0,33
29/05/20,Andaman and Nicobar Islands,33,0,33
30/05/20,Andaman and Nicobar Islands,33,0,33
31/05/20,Andaman and Nicobar Islands,33,0,33
01/06/20,Andaman and Nicobar Islands,33,0,33
02/06/20,Andaman and Nicobar Islands,33,0,33
03/06/20,Andaman and Nicobar Islands,33,0,33
04/06/20,Andaman and Nicobar Islands,33,0,33
05/06/20,Andaman and Nicobar Islands,33,0,33
12/03/20,Andhra Pradesh,0,0,1
13/03/20,Andhra Pradesh,0,0,1
14/03/20,Andhra Pradesh,0,0,1
15/03/20,Andhra Pradesh,0,0,1
16/03/20,Andhra Pradesh,0,0,1
17/03/20,Andhra Pradesh,0,0,1
18/03/20,Andhra Pradesh,0,0,1
19/03/20,Andhra Pradesh,0,0,2
20/03/20,Andhra Pradesh,0,0,3
21/03/20,Andhra Pradesh,0,0,3
22/03/20,Andhra Pradesh,0,0,5
23/03/20,Andhra Pradesh,0,0,7
24/03/20,Andhra Pradesh,0,0,8
25/03/20,Andhra Pradesh,1,0,9
26/03/20,Andhra Pradesh,1,0,11
27/03/20,Andhra Pradesh,1,0,12
28/03/20,Andhra Pradesh,1,0,14
29/03/20,Andhra Pradesh,1,0,19
30/03/20,Andhra Pradesh,1,0,23
31/03/20,Andhra Pradesh,1,0,40
01/04/20,Andhra Pradesh,1,0,83
02/04/20,Andhra Pradesh,1,1,86
03/04/20,Andhra Pradesh,1,1,132
04/04/20,Andhra Pradesh,1,1,161
05/04/20,Andhra Pradesh,1,1,190
06/04/20,Andhra Pradesh,1,3,226
07/04/20,Andhra Pradesh,1,3,266
08/04/20,Andhra Pradesh,5,4,305
09/04/20,Andhra Pradesh,6,4,348
10/04/20,Andhra Pradesh,7,6,363
11/04/20,Andhra Pradesh,11,6,381
12/04/20,Andhra Pradesh,11,6,381
13/04/20,Andhra Pradesh,11,7,432
14/04/20,Andhra Pradesh,14,9,473
15/04/20,Andhra Pradesh,16,9,503
16/04/20,Andhra Pradesh,20,14,534
17/04/20,Andhra Pradesh,36,14,572
18/04/20,Andhra Pradesh,42,15,603
19/04/20,Andhra Pradesh,42,15,603
20/04/20,Andhra Pradesh,92,20,722
21/04/20,Andhra Pradesh,96,22,757
22/04/20,Andhra Pradesh,120,24,813
23/04/20,Andhra Pradesh,141,27,895
24/04/20,Andhra Pradesh,145,29,955
25/04/20,Andhra Pradesh,171,31,1061
26/04/20,Andhra Pradesh,231,31,1097
27/04/20,Andhra Pradesh,235,31,1177
28/04/20,Andhra Pradesh,258,31,1259
29/04/20,Andhra Pradesh,287,31,1332
30/04/20,Andhra Pradesh,321,31,1403
01/05/20,Andhra Pradesh,403,33,1463
02/05/20,Andhra Pradesh,403,33,1463
03/05/20,Andhra Pradesh,488,33,1583
04/05/20,Andhra Pradesh,524,36,1650
05/05/20,Andhra Pradesh,589,36,1717
06/05/20,Andhra Pradesh,589,36,1717
07/05/20,Andhra Pradesh,729,36,1777
08/05/20,Andhra Pradesh,780,38,1847
09/05/20,Andhra Pradesh,842,41,1887
10/05/20,Andhra Pradesh,887,44,1930
11/05/20,Andhra Pradesh,925,45,1980
12/05/20,Andhra Pradesh,975,45,2018
13/05/20,Andhra Pradesh,1056,46,2090
14/05/20,Andhra Pradesh,1142,47,2137
15/05/20,Andhra Pradesh,1192,48,2205
16/05/20,Andhra Pradesh,1252,48,2307
17/05/20,Andhra Pradesh,1353,49,2355
18/05/20,Andhra Pradesh,1456,50,2407
19/05/20,Andhra Pradesh,1552,50,2474
20/05/20,Andhra Pradesh,1621,52,2532
21/05/20,Andhra Pradesh,1640,53,2602
22/05/20,Andhra Pradesh,1709,53,2647
23/05/20,Andhra Pradesh,1763,55,2709
24/05/20,Andhra Pradesh,1809,56,2757
25/05/20,Andhra Pradesh,1856,56,2823
26/05/20,Andhra Pradesh,1896,56,3110
27/05/20,Andhra Pradesh,2009,57,3171
28/05/20,Andhra Pradesh,2057,58,3171
29/05/20,Andhra Pradesh,2125,59,3251
30/05/20,Andhra Pradesh,2226,60,3436
31/05/20,Andhra Pradesh,2289,60,3569
01/06/20,Andhra Pradesh,2349,62,3679
02/06/20,Andhra Pradesh,2378,64,3783
03/06/20,Andhra Pradesh,2421,64,3898
04/06/20,Andhra Pradesh,2466,68,4080
05/06/20,Andhra Pradesh,2539,71,4223
03/04/20,Arunachal Pradesh,0,0,1
04/04/20,Arunachal Pradesh,0,0,1
05/04/20,Arunachal Pradesh,0,0,1
06/04/20,Arunachal Pradesh,0,0,1
07/04/20,Arunachal Pradesh,0,0,1
08/04/20,Arunachal Pradesh,0,0,1
09/04/20,Arunachal Pradesh,0,0,1
10/04/20,Arunachal Pradesh,0,0,1
11/04/20,Arunachal Pradesh,0,0,1
12/04/20,Arunachal Pradesh,0,0,1
13/04/20,Arunachal Pradesh,0,0,1
14/04/20,Arunachal Pradesh,0,0,1
15/04/20,Arunachal Pradesh,0,0,1
16/04/20,Arunachal Pradesh,0,0,1
17/04/20,Arunachal Pradesh,0,0,1
18/04/20,Arunachal Pradesh,0,0,1
19/04/20,Arunachal Pradesh,0,0,1
20/04/20,Arunachal Pradesh,0,0,1
21/04/20,Arunachal Pradesh,1,0,1
22/04/20,Arunachal Pradesh,1,0,1
23/04/20,Arunachal Pradesh,1,0,1
24/04/20,Arunachal Pradesh,1,0,1
25/04/20,Arunachal Pradesh,1,0,1
26/04/20,Arunachal Pradesh,1,0,1
27/04/20,Arunachal Pradesh,1,0,1
28/04/20,Arunachal Pradesh,1,0,1
29/04/20,Arunachal Pradesh,1,0,1
30/04/20,Arunachal Pradesh,1,0,1
01/05/20,Arunachal Pradesh,1,0,1
02/05/20,Arunachal Pradesh,1,0,1
03/05/20,Arunachal Pradesh,1,0,1
04/05/20,Arunachal Pradesh,1,0,1
05/05/20,Arunachal Pradesh,1,0,1
06/05/20,Arunachal Pradesh,1,0,1
07/05/20,Arunachal Pradesh,1,0,1
08/05/20,Arunachal Pradesh,1,0,1
09/05/20,Arunachal Pradesh,1,0,1
10/05/20,Arunachal Pradesh,1,0,1
11/05/20,Arunachal Pradesh,1,0,1
12/05/20,Arunachal Pradesh,1,0,1
13/05/20,Arunachal Pradesh,1,0,1
14/05/20,Arunachal Pradesh,1,0,1
15/05/20,Arunachal Pradesh,1,0,1
16/05/20,Arunachal Pradesh,1,0,1
17/05/20,Arunachal Pradesh,1,0,1
18/05/20,Arunachal Pradesh,1,0,1
19/05/20,Arunachal Pradesh,1,0,1
20/05/20,Arunachal Pradesh,1,0,1
21/05/20,Arunachal Pradesh,1,0,1
22/05/20,Arunachal Pradesh,1,0,1
23/05/20,Arunachal Pradesh,1,0,1
24/05/20,Arunachal Pradesh,1,0,1
25/05/20,Arunachal Pradesh,1,0,1
26/05/20,Arunachal Pradesh,1,0,2
27/05/20,Arunachal Pradesh,1,0,2
28/05/20,Arunachal Pradesh,1,0,2
29/05/20,Arunachal Pradesh,1,0,3
30/05/20,Arunachal Pradesh,1,0,3
31/05/20,Arunachal Pradesh,1,0,4
01/06/20,Arunachal Pradesh,1,0,4
02/06/20,Arunachal Pradesh,1,0,22
03/06/20,Arunachal Pradesh,1,0,22
04/06/20,Arunachal Pradesh,1,0,38
05/06/20,Arunachal Pradesh,1,0,42
01/04/20,Assam,0,0,1
02/04/20,Assam,0,0,5
03/04/20,Assam,0,0,16
04/04/20,Assam,0,0,24
05/04/20,Assam,0,0,26
06/04/20,Assam,0,0,26
07/04/20,Assam,0,0,26
08/04/20,Assam,0,0,27
09/04/20,Assam,0,0,28
10/04/20,Assam,0,0,29
11/04/20,Assam,0,1,29
12/04/20,Assam,0,1,29
13/04/20,Assam,0,1,31
14/04/20,Assam,0,1,31
15/04/20,Assam,0,1,33
16/04/20,Assam,5,1,33
17/04/20,Assam,5,1,35
18/04/20,Assam,9,1,35
19/04/20,Assam,12,1,35
20/04/20,Assam,17,1,35
21/04/20,Assam,19,1,35
22/04/20,Assam,19,1,35
23/04/20,Assam,19,1,35
24/04/20,Assam,19,1,36
25/04/20,Assam,19,1,36
26/04/20,Assam,19,1,36
27/04/20,Assam,27,1,36
28/04/20,Assam,27,1,38
29/04/20,Assam,27,1,38
30/04/20,Assam,29,1,42
01/05/20,Assam,29,1,42
02/05/20,Assam,32,1,43
03/05/20,Assam,32,1,43
04/05/20,Assam,32,1,43
05/05/20,Assam,32,1,43
06/05/20,Assam,32,1,43
07/05/20,Assam,32,1,45
08/05/20,Assam,34,1,54
09/05/20,Assam,34,1,59
10/05/20,Assam,34,2,63
11/05/20,Assam,34,2,63
12/05/20,Assam,34,2,65
13/05/20,Assam,39,2,65
14/05/20,Assam,39,2,80
15/05/20,Assam,39,2,87
16/05/20,Assam,41,2,90
17/05/20,Assam,41,2,92
18/05/20,Assam,41,2,101
19/05/20,Assam,41,2,107
20/05/20,Assam,41,4,142
21/05/20,Assam,48,4,170
22/05/20,Assam,54,4,203
23/05/20,Assam,54,4,259
24/05/20,Assam,55,4,329
25/05/20,Assam,55,4,378
26/05/20,Assam,62,4,526
27/05/20,Assam,62,4,616
28/05/20,Assam,87,4,781
29/05/20,Assam,104,4,856
30/05/20,Assam,125,4,1024
31/05/20,Assam,163,4,1185
01/06/20,Assam,185,4,1272
02/06/20,Assam,277,4,1390
03/06/20,Assam,324,4,1513
04/06/20,Assam,413,4,1672
05/06/20,Assam,442,4,1988
22/03/20,Bihar,0,1,2
23/03/20,Bihar,0,1,2
24/03/20,Bihar,0,1,3
25/03/20,Bihar,0,1,4
26/03/20,Bihar,0,1,6
27/03/20,Bihar,0,1,6
28/03/20,Bihar,0,1,9
29/03/20,Bihar,0,1,11
30/03/20,Bihar,0,1,15
31/03/20,Bihar,0,1,15
01/04/20,Bihar,0,1,23
02/04/20,Bihar,0,1,24
03/04/20,Bihar,0,1,29
04/04/20,Bihar,0,1,30
05/04/20,Bihar,0,1,30
06/04/20,Bihar,0,1,32
07/04/20,Bihar,0,1,32
08/04/20,Bihar,0,1,38
09/04/20,Bihar,0,1,39
10/04/20,Bihar,0,1,60
11/04/20,Bihar,0,1,60
12/04/20,Bihar,19,1,64
13/04/20,Bihar,26,1,64
14/04/20,Bihar,26,1,66
15/04/20,Bihar,29,1,70
16/04/20,Bihar,29,1,74
17/04/20,Bihar,37,1,83
18/04/20,Bihar,37,2,85
19/04/20,Bihar,37,2,86
20/04/20,Bihar,42,2,96
21/04/20,Bihar,42,2,114
22/04/20,Bihar,46,2,126
23/04/20,Bihar,46,2,148
24/04/20,Bihar,46,2,176
25/04/20,Bihar,46,2,228
26/04/20,Bihar,46,2,251
27/04/20,Bihar,56,2,277
28/04/20,Bihar,57,2,346
29/04/20,Bihar,64,2,383
30/04/20,Bihar,65,2,403
01/05/20,Bihar,82,2,426
02/05/20,Bihar,98,3,471
03/05/20,Bihar,117,4,482
04/05/20,Bihar,125,4,517
05/05/20,Bihar,130,4,529
06/05/20,Bihar,142,4,536
07/05/20,Bihar,188,4,542
08/05/20,Bihar,246,5,550
09/05/20,Bihar,297,5,571
10/05/20,Bihar,322,5,591
11/05/20,Bihar,365,6,696
12/05/20,Bihar,377,6,747
13/05/20,Bihar,383,6,831
14/05/20,Bihar,388,7,940
15/05/20,Bihar,411,7,994
16/05/20,Bihar,438,7,1018
17/05/20,Bihar,453,7,1179
18/05/20,Bihar,475,8,1262
19/05/20,Bihar,494,9,1391
20/05/20,Bihar,534,9,1498
21/05/20,Bihar,571,10,1674
22/05/20,Bihar,593,11,1982
23/05/20,Bihar,629,11,2177
24/05/20,Bihar,653,11,2380
25/05/20,Bihar,702,13,2587
26/05/20,Bihar,749,13,2730
27/05/20,Bihar,900,13,2983
28/05/20,Bihar,1083,15,3061
29/05/20,Bihar,1211,15,3296
30/05/20,Bihar,1211,15,3376
31/05/20,Bihar,1618,20,3636
01/06/20,Bihar,1710,21,3815
02/06/20,Bihar,1900,24,3926
03/06/20,Bihar,1946,24,4155
04/06/20,Bihar,2077,25,4390
05/06/20,Bihar,2210,29,4493
20/05/20,Cases being reassigned to states,0,0,1096
21/05/20,Cases being reassigned to states,0,0,1403
22/05/20,Cases being reassigned to states,0,0,1620
23/05/20,Cases being reassigned to states,0,0,1899
24/05/20,Cases being reassigned to states,0,0,2338
25/05/20,Cases being reassigned to states,0,0,2642
26/05/20,Cases being reassigned to states,0,0,2970
27/05/20,Cases being reassigned to states,0,0,4013
28/05/20,Cases being reassigned to states,0,0,4332
29/05/20,Cases being reassigned to states,0,0,4673
30/05/20,Cases being reassigned to states,0,0,5043
31/05/20,Cases being reassigned to states,0,0,5491
01/06/20,Cases being reassigned to states,0,0,5630
02/06/20,Cases being reassigned to states,0,0,6414
03/06/20,Cases being reassigned to states,0,0,7123
04/06/20,Cases being reassigned to states,0,0,7483
05/06/20,Cases being reassigned to states,0,0,7610
19/03/20,Chandigarh,0,0,1
20/03/20,Chandigarh,0,0,1
21/03/20,Chandigarh,0,0,1
22/03/20,Chandigarh,0,0,5
23/03/20,Chandigarh,0,0,6
24/03/20,Chandigarh,0,0,7
25/03/20,Chandigarh,0,0,7
26/03/20,Chandigarh,0,0,7
27/03/20,Chandigarh,0,0,7
28/03/20,Chandigarh,0,0,8
29/03/20,Chandigarh,0,0,8
30/03/20,Chandigarh,0,0,8
31/03/20,Chandigarh,0,0,13
01/04/20,Chandigarh,0,0,16
02/04/20,Chandigarh,0,0,16
03/04/20,Chandigarh,0,0,18
04/04/20,Chandigarh,0,0,18
05/04/20,Chandigarh,0,0,18
06/04/20,Chandigarh,0,0,18
07/04/20,Chandigarh,7,0,18
08/04/20,Chandigarh,7,0,18
09/04/20,Chandigarh,7,0,18
10/04/20,Chandigarh,7,0,18
11/04/20,Chandigarh,7,0,18
12/04/20,Chandigarh,7,0,19
13/04/20,Chandigarh,7,0,21
14/04/20,Chandigarh,7,0,21
15/04/20,Chandigarh,7,0,21
16/04/20,Chandigarh,7,0,21
17/04/20,Chandigarh,9,0,21
18/04/20,Chandigarh,9,0,21
19/04/20,Chandigarh,10,0,23
20/04/20,Chandigarh,13,0,26
21/04/20,Chandigarh,13,0,26
22/04/20,Chandigarh,14,0,27
23/04/20,Chandigarh,14,0,27
24/04/20,Chandigarh,14,0,27
25/04/20,Chandigarh,15,0,28
26/04/20,Chandigarh,17,0,30
27/04/20,Chandigarh,17,0,30
28/04/20,Chandigarh,17,0,40
29/04/20,Chandigarh,17,0,56
30/04/20,Chandigarh,17,0,56
01/05/20,Chandigarh,17,0,56
02/05/20,Chandigarh,17,0,88
03/05/20,Chandigarh,19,0,94
04/05/20,Chandigarh,19,0,94
05/05/20,Chandigarh,21,1,102
06/05/20,Chandigarh,21,1,111
07/05/20,Chandigarh,21,1,120
08/05/20,Chandigarh,21,1,135
09/05/20,Chandigarh,21,1,150
10/05/20,Chandigarh,24,2,169
11/05/20,Chandigarh,24,2,169
12/05/20,Chandigarh,24,2,174
13/05/20,Chandigarh,28,3,187
14/05/20,Chandigarh,28,3,187
15/05/20,Chandigarh,37,3,191
16/05/20,Chandigarh,37,3,191
17/05/20,Chandigarh,51,3,191
18/05/20,Chandigarh,51,3,191
19/05/20,Chandigarh,54,3,196
20/05/20,Chandigarh,57,3,200
21/05/20,Chandigarh,57,3,202
22/05/20,Chandigarh,139,3,217
23/05/20,Chandigarh,178,3,218
24/05/20,Chandigarh,179,3,225
25/05/20,Chandigarh,186,3,238
26/05/20,Chandigarh,186,3,238
27/05/20,Chandigarh,187,4,266
28/05/20,Chandigarh,187,4,279
29/05/20,Chandigarh,189,4,288
30/05/20,Chandigarh,189,4,289
31/05/20,Chandigarh,189,4,289
01/06/20,Chandigarh,199,4,293
02/06/20,Chandigarh,199,4,294
03/06/20,Chandigarh,214,5,301
04/06/20,Chandigarh,214,5,301
05/06/20,Chandigarh,214,5,301
19/03/20,Chhattisgarh,0,0,1
20/03/20,Chhattisgarh,0,0,1
21/03/20,Chhattisgarh,0,0,1
22/03/20,Chhattisgarh,0,0,1
23/03/20,Chhattisgarh,0,0,1
24/03/20,Chhattisgarh,0,0,1
25/03/20,Chhattisgarh,0,0,1
26/03/20,Chhattisgarh,0,0,6
27/03/20,Chhattisgarh,0,0,6
28/03/20,Chhattisgarh,0,0,6
29/03/20,Chhattisgarh,0,0,7
30/03/20,Chhattisgarh,0,0,7
31/03/20,Chhattisgarh,0,0,8
01/04/20,Chhattisgarh,2,0,9
02/04/20,Chhattisgarh,2,0,9
03/04/20,Chhattisgarh,3,0,9
04/04/20,Chhattisgarh,3,0,9
05/04/20,Chhattisgarh,3,0,9
06/04/20,Chhattisgarh,8,0,10
07/04/20,Chhattisgarh,9,0,10
08/04/20,Chhattisgarh,9,0,10
09/04/20,Chhattisgarh,9,0,10
10/04/20,Chhattisgarh,9,0,10
11/04/20,Chhattisgarh,9,0,18
12/04/20,Chhattisgarh,10,0,25
13/04/20,Chhattisgarh,10,0,31
14/04/20,Chhattisgarh,10,0,31
15/04/20,Chhattisgarh,13,0,33
16/04/20,Chhattisgarh,17,0,33
17/04/20,Chhattisgarh,23,0,36
18/04/20,Chhattisgarh,24,0,36
19/04/20,Chhattisgarh,24,0,36
20/04/20,Chhattisgarh,25,0,36
21/04/20,Chhattisgarh,25,0,36
22/04/20,Chhattisgarh,26,0,36
23/04/20,Chhattisgarh,28,0,36
24/04/20,Chhattisgarh,28,0,36
25/04/20,Chhattisgarh,30,0,36
26/04/20,Chhattisgarh,32,0,37
27/04/20,Chhattisgarh,32,0,37
28/04/20,Chhattisgarh,32,0,37
29/04/20,Chhattisgarh,34,0,38
30/04/20,Chhattisgarh,36,0,38
01/05/20,Chhattisgarh,36,0,40
02/05/20,Chhattisgarh,36,0,43
03/05/20,Chhattisgarh,36,0,43
04/05/20,Chhattisgarh,36,0,57
05/05/20,Chhattisgarh,36,0,58
06/05/20,Chhattisgarh,36,0,59
07/05/20,Chhattisgarh,36,0,59
08/05/20,Chhattisgarh,38,0,59
09/05/20,Chhattisgarh,38,0,59
10/05/20,Chhattisgarh,43,0,59
11/05/20,Chhattisgarh,49,0,59
12/05/20,Chhattisgarh,53,0,59
13/05/20,Chhattisgarh,54,0,59
14/05/20,Chhattisgarh,55,0,59
15/05/20,Chhattisgarh,56,0,60
16/05/20,Chhattisgarh,56,0,66
17/05/20,Chhattisgarh,56,0,67
18/05/20,Chhattisgarh,59,0,86
19/05/20,Chhattisgarh,59,0,93
20/05/20,Chhattisgarh,59,0,101
21/05/20,Chhattisgarh,59,0,115
22/05/20,Chhattisgarh,59,0,128
23/05/20,Chhattisgarh,62,0,172
24/05/20,Chhattisgarh,64,0,214
25/05/20,Chhattisgarh,67,0,252
26/05/20,Chhattisgarh,72,0,291
27/05/20,Chhattisgarh,79,0,361
28/05/20,Chhattisgarh,83,0,369
29/05/20,Chhattisgarh,83,0,399
30/05/20,Chhattisgarh,100,1,415
31/05/20,Chhattisgarh,102,1,447
01/06/20,Chhattisgarh,115,1,498
02/06/20,Chhattisgarh,122,1,547
03/06/20,Chhattisgarh,130,1,564
04/06/20,Chhattisgarh,188,2,668
05/06/20,Chhattisgarh,213,2,756
06/05/20,Dadar Nagar Haveli,0,0,1
07/05/20,Dadar Nagar Haveli,0,0,1
08/05/20,Dadar Nagar Haveli,0,0,1
09/05/20,Dadar Nagar Haveli,0,0,1
10/05/20,Dadar Nagar Haveli,0,0,1
11/05/20,Dadar Nagar Haveli,0,0,1
12/05/20,Dadar Nagar Haveli,0,0,1
13/05/20,Dadar Nagar Haveli,0,0,1
14/05/20,Dadar Nagar Haveli,0,0,1
15/05/20,Dadar Nagar Haveli,0,0,1
16/05/20,Dadar Nagar Haveli,0,0,1
17/05/20,Dadar Nagar Haveli,0,0,1
18/05/20,Dadar Nagar Haveli,0,0,1
19/05/20,Dadar Nagar Haveli,0,0,1
20/05/20,Dadar Nagar Haveli,0,0,1
21/05/20,Dadar Nagar Haveli,0,0,1
22/05/20,Dadar Nagar Haveli,0,0,1
23/05/20,Dadar Nagar Haveli,0,0,1
24/05/20,Dadar Nagar Haveli,0,0,2
25/05/20,Dadar Nagar Haveli,0,0,2
26/05/20,Dadar Nagar Haveli,0,0,2
27/05/20,Dadar Nagar Haveli,0,0,2
28/05/20,Dadar Nagar Haveli,0,0,2
29/05/20,Dadar Nagar Haveli,0,0,2
30/05/20,Dadar Nagar Haveli,0,0,2
31/05/20,Dadar Nagar Haveli,0,0,2
01/06/20,Dadar Nagar Haveli,0,0,2
02/06/20,Dadar Nagar Haveli,1,0,3
03/06/20,Dadar Nagar Haveli,1,0,4
04/06/20,Dadar Nagar Haveli,1,0,8
05/06/20,Dadar Nagar Haveli,1,0,12
02/03/20,Delhi,0,0,1
03/03/20,Delhi,0,0,1
04/03/20,Delhi,0,0,1
05/03/20,Delhi,0,0,2
06/03/20,Delhi,0,0,3
07/03/20,Delhi,0,0,3
08/03/20,Delhi,0,0,3
09/03/20,Delhi,0,0,4
10/03/20,Delhi,0,0,4
11/03/20,Delhi,0,0,5
12/03/20,Delhi,0,0,6
13/03/20,Delhi,0,0,6
14/03/20,Delhi,1,1,7
15/03/20,Delhi,2,1,7
16/03/20,Delhi,2,1,7
17/03/20,Delhi,2,1,8
18/03/20,Delhi,2,1,10
19/03/20,Delhi,3,1,12
20/03/20,Delhi,5,1,17
21/03/20,Delhi,5,1,26
22/03/20,Delhi,5,1,29
23/03/20,Delhi,5,1,29
24/03/20,Delhi,6,1,30
25/03/20,Delhi,6,1,31
26/03/20,Delhi,6,1,36
27/03/20,Delhi,6,1,36
28/03/20,Delhi,6,1,39
29/03/20,Delhi,6,2,49
30/03/20,Delhi,6,2,87
31/03/20,Delhi,6,2,97
01/04/20,Delhi,6,2,152
02/04/20,Delhi,8,4,219
03/04/20,Delhi,8,4,219
04/04/20,Delhi,15,6,445
05/04/20,Delhi,18,7,503
06/04/20,Delhi,19,7,523
07/04/20,Delhi,21,7,576
08/04/20,Delhi,21,9,576
09/04/20,Delhi,21,9,669
10/04/20,Delhi,25,13,898
11/04/20,Delhi,25,14,903
12/04/20,Delhi,25,19,1069
13/04/20,Delhi,27,24,1154
14/04/20,Delhi,30,28,1510
15/04/20,Delhi,30,30,1561
16/04/20,Delhi,42,32,1578
17/04/20,Delhi,51,38,1640
18/04/20,Delhi,72,42,1707
19/04/20,Delhi,72,43,1893
20/04/20,Delhi,290,45,2003
21/04/20,Delhi,431,47,2081
22/04/20,Delhi,611,47,2156
23/04/20,Delhi,724,48,2248
24/04/20,Delhi,808,50,2376
25/04/20,Delhi,857,53,2514
26/04/20,Delhi,869,54,2625
27/04/20,Delhi,877,54,2918
28/04/20,Delhi,877,54,3108
29/04/20,Delhi,1078,54,3314
30/04/20,Delhi,1092,56,3439
01/05/20,Delhi,1094,59,3515
02/05/20,Delhi,1167,61,3738
03/05/20,Delhi,1256,64,4122
04/05/20,Delhi,1362,64,4549
05/05/20,Delhi,1431,64,4898
06/05/20,Delhi,1468,64,5104
07/05/20,Delhi,1542,65,5532
08/05/20,Delhi,1931,66,5980
09/05/20,Delhi,2020,68,6318
10/05/20,Delhi,2020,73,6542
11/05/20,Delhi,2069,73,6923
12/05/20,Delhi,2129,73,7233
13/05/20,Delhi,2512,86,7639
14/05/20,Delhi,2858,106,7998
15/05/20,Delhi,3045,115,8470
16/05/20,Delhi,3518,123,8895
17/05/20,Delhi,3926,129,9333
18/05/20,Delhi,4485,160,10054
19/05/20,Delhi,4485,168,10054
20/05/20,Delhi,4750,168,10554
21/05/20,Delhi,5192,176,11088
22/05/20,Delhi,5567,194,11659
23/05/20,Delhi,5897,208,12319
24/05/20,Delhi,6267,231,12910
25/05/20,Delhi,6540,261,13418
26/05/20,Delhi,6771,276,14053
27/05/20,Delhi,7223,288,14465
28/05/20,Delhi,7264,303,15257
29/05/20,Delhi,7495,316,16281
30/05/20,Delhi,7846,398,17386
31/05/20,Delhi,8075,416,18549
01/06/20,Delhi,8478,473,19844
02/06/20,Delhi,8746,523,20834
03/06/20,Delhi,9243,556,22132
04/06/20,Delhi,9542,606,23645
05/06/20,Delhi,9898,650,25004
26/03/20,Goa,0,0,3
27/03/20,Goa,0,0,3
28/03/20,Goa,0,0,3
29/03/20,Goa,0,0,5
30/03/20,Goa,0,0,5
31/03/20,Goa,0,0,5
01/04/20,Goa,0,0,5
02/04/20,Goa,0,0,5
03/04/20,Goa,0,0,6
04/04/20,Goa,0,0,7
05/04/20,Goa,0,0,7
06/04/20,Goa,0,0,7
07/04/20,Goa,0,0,7
08/04/20,Goa,0,0,7
09/04/20,Goa,0,0,7
10/04/20,Goa,1,0,7
11/04/20,Goa,1,0,7
12/04/20,Goa,5,0,7
13/04/20,Goa,5,0,7
14/04/20,Goa,5,0,7
15/04/20,Goa,5,0,7
16/04/20,Goa,5,0,7
17/04/20,Goa,6,0,7
18/04/20,Goa,6,0,7
19/04/20,Goa,6,0,7
20/04/20,Goa,7,0,7
21/04/20,Goa,7,0,7
22/04/20,Goa,7,0,7
23/04/20,Goa,7,0,7
24/04/20,Goa,7,0,7
25/04/20,Goa,7,0,7
26/04/20,Goa,7,0,7
27/04/20,Goa,7,0,7
28/04/20,Goa,7,0,7
29/04/20,Goa,7,0,7
30/04/20,Goa,7,0,7
01/05/20,Goa,7,0,7
02/05/20,Goa,7,0,7
03/05/20,Goa,7,0,7
04/05/20,Goa,7,0,7
05/05/20,Goa,7,0,7
06/05/20,Goa,7,0,7
07/05/20,Goa,7,0,7
08/05/20,Goa,7,0,7
09/05/20,Goa,7,0,7
10/05/20,Goa,7,0,7
11/05/20,Goa,7,0,7
12/05/20,Goa,7,0,7
13/05/20,Goa,7,0,7
14/05/20,Goa,7,0,7
15/05/20,Goa,7,0,14
16/05/20,Goa,7,0,15
17/05/20,Goa,7,0,17
18/05/20,Goa,7,0,29
19/05/20,Goa,7,0,38
20/05/20,Goa,7,0,46
21/05/20,Goa,7,0,50
22/05/20,Goa,7,0,52
23/05/20,Goa,16,0,54
24/05/20,Goa,16,0,55
25/05/20,Goa,19,0,66
26/05/20,Goa,19,0,67
27/05/20,Goa,28,0,67
28/05/20,Goa,37,0,68
29/05/20,Goa,38,0,69
30/05/20,Goa,41,0,69
31/05/20,Goa,41,0,70
01/06/20,Goa,42,0,70
02/06/20,Goa,42,0,71
03/06/20,Goa,57,0,79
04/06/20,Goa,57,0,79
05/06/20,Goa,57,0,166
20/03/20,Gujarat,0,0,5
21/03/20,Gujarat,0,0,7
22/03/20,Gujarat,0,1,18
23/03/20,Gujarat,0,1,29
24/03/20,Gujarat,0,1,33
25/03/20,Gujarat,0,1,38
26/03/20,Gujarat,0,3,43
27/03/20,Gujarat,0,3,43
28/03/20,Gujarat,0,3,45
29/03/20,Gujarat,1,5,58
30/03/20,Gujarat,1,6,69
31/03/20,Gujarat,3,6,73
01/04/20,Gujarat,5,6,82
02/04/20,Gujarat,8,7,87
03/04/20,Gujarat,10,8,95
04/04/20,Gujarat,14,10,105
05/04/20,Gujarat,18,11,122
06/04/20,Gujarat,22,12,144
07/04/20,Gujarat,25,13,165
08/04/20,Gujarat,25,13,165
09/04/20,Gujarat,25,16,179
10/04/20,Gujarat,26,17,241
11/04/20,Gujarat,31,19,308
12/04/20,Gujarat,44,22,432
13/04/20,Gujarat,47,26,539
14/04/20,Gujarat,55,26,617
15/04/20,Gujarat,59,30,695
16/04/20,Gujarat,64,36,871
17/04/20,Gujarat,74,38,1021
18/04/20,Gujarat,88,48,1272
19/04/20,Gujarat,94,58,1604
20/04/20,Gujarat,106,67,1851
21/04/20,Gujarat,131,77,2066
22/04/20,Gujarat,144,95,2272
23/04/20,Gujarat,179,103,2407
24/04/20,Gujarat,258,112,2624
25/04/20,Gujarat,265,127,2815
26/04/20,Gujarat,282,133,3071
27/04/20,Gujarat,313,151,3301
28/04/20,Gujarat,394,162,3548
29/04/20,Gujarat,434,181,3774
30/04/20,Gujarat,527,197,4082
01/05/20,Gujarat,613,214,4395
02/05/20,Gujarat,735,236,4721
03/05/20,Gujarat,896,262,5055
04/05/20,Gujarat,1042,290,5428
05/05/20,Gujarat,1195,319,5804
06/05/20,Gujarat,1381,368,6245
07/05/20,Gujarat,1500,396,6625
08/05/20,Gujarat,1709,425,7012
09/05/20,Gujarat,1872,449,7402
10/05/20,Gujarat,2091,472,7796
11/05/20,Gujarat,2545,493,8194
12/05/20,Gujarat,2780,513,8541
13/05/20,Gujarat,3246,537,8903
14/05/20,Gujarat,3562,566,9267
15/05/20,Gujarat,3753,586,9591
16/05/20,Gujarat,4035,606,9931
17/05/20,Gujarat,4308,625,10988
18/05/20,Gujarat,4499,659,11379
19/05/20,Gujarat,4804,694,11745
20/05/20,Gujarat,5043,719,12140
21/05/20,Gujarat,5219,749,12537
22/05/20,Gujarat,5488,773,12905
23/05/20,Gujarat,5880,802,13268
24/05/20,Gujarat,6169,829,13664
25/05/20,Gujarat,6412,858,14056
26/05/20,Gujarat,6636,888,14460
27/05/20,Gujarat,7139,915,14821
28/05/20,Gujarat,7549,938,15195
29/05/20,Gujarat,8003,960,15562
30/05/20,Gujarat,8611,980,15934
31/05/20,Gujarat,9230,1007,16343
01/06/20,Gujarat,9919,1038,16779
02/06/20,Gujarat,10780,1063,17200
03/06/20,Gujarat,11894,1092,17617
04/06/20,Gujarat,12212,1122,18100
05/06/20,Gujarat,12667,1155,18584
04/03/20,Haryana,0,0,2
05/03/20,Haryana,0,0,2
06/03/20,Haryana,0,0,2
07/03/20,Haryana,0,0,2
08/03/20,Haryana,0,0,2
09/03/20,Haryana,0,0,2
10/03/20,Haryana,0,0,2
11/03/20,Haryana,0,0,14
12/03/20,Haryana,0,0,14
13/03/20,Haryana,0,0,14
14/03/20,Haryana,0,0,14
15/03/20,Haryana,0,0,14
16/03/20,Haryana,0,0,14
17/03/20,Haryana,0,0,15
18/03/20,Haryana,0,0,17
19/03/20,Haryana,0,0,17
20/03/20,Haryana,0,0,17
21/03/20,Haryana,0,0,17
22/03/20,Haryana,0,0,21
23/03/20,Haryana,0,0,26
24/03/20,Haryana,11,0,28
25/03/20,Haryana,11,0,28
26/03/20,Haryana,11,0,30
27/03/20,Haryana,11,0,30
28/03/20,Haryana,12,0,33
29/03/20,Haryana,17,0,33
30/03/20,Haryana,18,0,36
31/03/20,Haryana,21,0,40
01/04/20,Haryana,21,0,43
02/04/20,Haryana,21,0,43
03/04/20,Haryana,24,0,49
04/04/20,Haryana,24,0,49
05/04/20,Haryana,25,1,59
06/04/20,Haryana,25,1,84
07/04/20,Haryana,25,1,90
08/04/20,Haryana,28,3,147
09/04/20,Haryana,29,3,169
10/04/20,Haryana,29,3,169
11/04/20,Haryana,29,3,177
12/04/20,Haryana,29,3,185
13/04/20,Haryana,29,3,185
14/04/20,Haryana,34,3,199
15/04/20,Haryana,34,3,199
16/04/20,Haryana,43,3,205
17/04/20,Haryana,43,3,205
18/04/20,Haryana,43,3,225
19/04/20,Haryana,87,3,233
20/04/20,Haryana,87,3,233
21/04/20,Haryana,127,3,254
22/04/20,Haryana,127,3,254
23/04/20,Haryana,140,3,262
24/04/20,Haryana,156,3,272
25/04/20,Haryana,156,3,272
26/04/20,Haryana,176,3,289
27/04/20,Haryana,176,3,289
28/04/20,Haryana,183,3,296
29/04/20,Haryana,209,3,310
30/04/20,Haryana,209,3,310
01/05/20,Haryana,209,3,313
02/05/20,Haryana,227,4,360
03/05/20,Haryana,227,4,394
04/05/20,Haryana,245,5,442
05/05/20,Haryana,254,6,517
06/05/20,Haryana,256,6,548
07/05/20,Haryana,260,7,594
08/05/20,Haryana,260,7,625
09/05/20,Haryana,279,8,647
10/05/20,Haryana,290,9,675
11/05/20,Haryana,300,10,703
12/05/20,Haryana,337,11,730
13/05/20,Haryana,342,11,780
14/05/20,Haryana,418,11,793
15/05/20,Haryana,439,11,818
16/05/20,Haryana,439,11,818
17/05/20,Haryana,514,13,887
18/05/20,Haryana,562,14,910
19/05/20,Haryana,598,14,928
20/05/20,Haryana,627,14,964
21/05/20,Haryana,648,14,993
22/05/20,Haryana,681,15,1031
23/05/20,Haryana,706,16,1067
24/05/20,Haryana,750,16,1131
25/05/20,Haryana,765,16,1184
26/05/20,Haryana,765,16,1184
27/05/20,Haryana,824,17,1305
28/05/20,Haryana,838,18,1381
29/05/20,Haryana,881,19,1504
30/05/20,Haryana,940,19,1721
31/05/20,Haryana,971,20,1923
01/06/20,Haryana,1048,20,2091
02/06/20,Haryana,1055,21,2356
03/06/20,Haryana,1069,23,2652
04/06/20,Haryana,1089,23,2954
05/06/20,Haryana,2134,24,3281
21/03/20,Himachal Pradesh,0,0,2
22/03/20,Himachal Pradesh,0,0,2
23/03/20,Himachal Pradesh,0,0,2
24/03/20,Himachal Pradesh,0,1,3
25/03/20,Himachal Pradesh,0,1,3
26/03/20,Himachal Pradesh,0,1,3
27/03/20,Himachal Pradesh,0,1,3
28/03/20,Himachal Pradesh,0,1,3
29/03/20,Himachal Pradesh,0,1,3
30/03/20,Himachal Pradesh,0,1,3
31/03/20,Himachal Pradesh,0,1,3
01/04/20,Himachal Pradesh,0,1,3
02/04/20,Himachal Pradesh,1,1,3
03/04/20,Himachal Pradesh,1,1,6
04/04/20,Himachal Pradesh,1,1,6
05/04/20,Himachal Pradesh,1,1,6
06/04/20,Himachal Pradesh,2,1,13
07/04/20,Himachal Pradesh,2,1,13
08/04/20,Himachal Pradesh,2,1,18
09/04/20,Himachal Pradesh,2,1,18
10/04/20,Himachal Pradesh,6,1,28
11/04/20,Himachal Pradesh,6,1,28
12/04/20,Himachal Pradesh,6,1,32
13/04/20,Himachal Pradesh,13,1,32
14/04/20,Himachal Pradesh,13,1,32
15/04/20,Himachal Pradesh,13,1,33
16/04/20,Himachal Pradesh,16,1,35
17/04/20,Himachal Pradesh,16,1,35
18/04/20,Himachal Pradesh,16,1,38
19/04/20,Himachal Pradesh,16,1,39
20/04/20,Himachal Pradesh,16,1,39
21/04/20,Himachal Pradesh,16,1,39
22/04/20,Himachal Pradesh,16,1,39
23/04/20,Himachal Pradesh,18,1,40
24/04/20,Himachal Pradesh,18,1,40
25/04/20,Himachal Pradesh,18,1,40
26/04/20,Himachal Pradesh,22,1,40
27/04/20,Himachal Pradesh,22,1,40
28/04/20,Himachal Pradesh,22,1,40
29/04/20,Himachal Pradesh,25,1,40
30/04/20,Himachal Pradesh,25,1,40
01/05/20,Himachal Pradesh,28,1,40
02/05/20,Himachal Pradesh,30,1,40
03/05/20,Himachal Pradesh,33,1,40
04/05/20,Himachal Pradesh,34,1,40
05/05/20,Himachal Pradesh,38,1,41
06/05/20,Himachal Pradesh,38,2,42
07/05/20,Himachal Pradesh,38,2,45
08/05/20,Himachal Pradesh,38,2,46
09/05/20,Himachal Pradesh,38,2,50
10/05/20,Himachal Pradesh,38,2,50
11/05/20,Himachal Pradesh,39,2,55
12/05/20,Himachal Pradesh,39,2,59
13/05/20,Himachal Pradesh,39,2,65
14/05/20,Himachal Pradesh,39,2,66
15/05/20,Himachal Pradesh,39,2,74
16/05/20,Himachal Pradesh,39,3,76
17/05/20,Himachal Pradesh,43,3,78
18/05/20,Himachal Pradesh,44,3,80
19/05/20,Himachal Pradesh,44,3,90
20/05/20,Himachal Pradesh,47,3,92
21/05/20,Himachal Pradesh,54,3,110
22/05/20,Himachal Pradesh,59,3,152
23/05/20,Himachal Pradesh,59,3,168
24/05/20,Himachal Pradesh,61,3,185
25/05/20,Himachal Pradesh,63,3,203
26/05/20,Himachal Pradesh,67,5,223
27/05/20,Himachal Pradesh,67,5,247
28/05/20,Himachal Pradesh,70,5,273
29/05/20,Himachal Pradesh,70,5,276
30/05/20,Himachal Pradesh,87,5,295
31/05/20,Himachal Pradesh,111,5,313
01/06/20,Himachal Pradesh,120,5,331
02/06/20,Himachal Pradesh,122,5,340
03/06/20,Himachal Pradesh,140,5,345
04/06/20,Himachal Pradesh,150,5,359
05/06/20,Himachal Pradesh,179,5,383
09/03/20,Jammu and Kashmir,0,0,1
10/03/20,Jammu and Kashmir,0,0,1
11/03/20,Jammu and Kashmir,0,0,1
12/03/20,Jammu and Kashmir,0,0,1
13/03/20,Jammu and Kashmir,0,0,1
14/03/20,Jammu and Kashmir,0,0,2
15/03/20,Jammu and Kashmir,0,0,2
16/03/20,Jammu and Kashmir,0,0,3
17/03/20,Jammu and Kashmir,0,0,3
18/03/20,Jammu and Kashmir,0,0,3
19/03/20,Jammu and Kashmir,0,0,4
20/03/20,Jammu and Kashmir,0,0,4
21/03/20,Jammu and Kashmir,0,0,4
22/03/20,Jammu and Kashmir,0,0,4
23/03/20,Jammu and Kashmir,0,0,4
24/03/20,Jammu and Kashmir,0,0,4
25/03/20,Jammu and Kashmir,1,0,7
26/03/20,Jammu and Kashmir,1,0,13
27/03/20,Jammu and Kashmir,1,1,13
28/03/20,Jammu and Kashmir,1,1,20
29/03/20,Jammu and Kashmir,1,2,31
30/03/20,Jammu and Kashmir,2,2,48
31/03/20,Jammu and Kashmir,2,2,54
01/04/20,Jammu and Kashmir,2,2,62
02/04/20,Jammu and Kashmir,2,2,62
03/04/20,Jammu and Kashmir,3,2,75
04/04/20,Jammu and Kashmir,3,2,75
05/04/20,Jammu and Kashmir,4,2,106
06/04/20,Jammu and Kashmir,4,2,109
07/04/20,Jammu and Kashmir,4,2,116
08/04/20,Jammu and Kashmir,4,2,116
09/04/20,Jammu and Kashmir,4,4,158
10/04/20,Jammu and Kashmir,6,4,184
11/04/20,Jammu and Kashmir,6,4,207
12/04/20,Jammu and Kashmir,6,4,224
13/04/20,Jammu and Kashmir,6,4,245
14/04/20,Jammu and Kashmir,16,4,270
15/04/20,Jammu and Kashmir,30,4,278
16/04/20,Jammu and Kashmir,36,4,300
17/04/20,Jammu and Kashmir,38,4,314
18/04/20,Jammu and Kashmir,42,5,328
19/04/20,Jammu and Kashmir,51,5,341
20/04/20,Jammu and Kashmir,56,5,350
21/04/20,Jammu and Kashmir,71,5,368
22/04/20,Jammu and Kashmir,81,5,380
23/04/20,Jammu and Kashmir,92,5,407
24/04/20,Jammu and Kashmir,92,5,427
25/04/20,Jammu and Kashmir,109,5,454
26/04/20,Jammu and Kashmir,112,6,494
27/04/20,Jammu and Kashmir,137,6,523
28/04/20,Jammu and Kashmir,164,7,546
29/04/20,Jammu and Kashmir,176,8,565
30/04/20,Jammu and Kashmir,192,8,581
01/05/20,Jammu and Kashmir,216,8,614
02/05/20,Jammu and Kashmir,247,8,639
03/05/20,Jammu and Kashmir,254,8,666
04/05/20,Jammu and Kashmir,287,8,701
05/05/20,Jammu and Kashmir,303,8,726
06/05/20,Jammu and Kashmir,320,8,741
07/05/20,Jammu and Kashmir,322,8,775
08/05/20,Jammu and Kashmir,335,9,793
09/05/20,Jammu and Kashmir,364,9,823
10/05/20,Jammu and Kashmir,368,9,836
11/05/20,Jammu and Kashmir,383,9,861
12/05/20,Jammu and Kashmir,427,10,879
13/05/20,Jammu and Kashmir,455,10,934
14/05/20,Jammu and Kashmir,466,11,971
15/05/20,Jammu and Kashmir,485,11,983
16/05/20,Jammu and Kashmir,513,11,1013
17/05/20,Jammu and Kashmir,542,12,1121
18/05/20,Jammu and Kashmir,575,13,1183
19/05/20,Jammu and Kashmir,609,15,1289
20/05/20,Jammu and Kashmir,653,17,1317
21/05/20,Jammu and Kashmir,678,18,1390
22/05/20,Jammu and Kashmir,684,20,1449
23/05/20,Jammu and Kashmir,720,20,1489
24/05/20,Jammu and Kashmir,774,21,1569
25/05/20,Jammu and Kashmir,809,21,1621
26/05/20,Jammu and Kashmir,809,23,1668
27/05/20,Jammu and Kashmir,833,24,1759
28/05/20,Jammu and Kashmir,854,26,1921
29/05/20,Jammu and Kashmir,859,27,2036
30/05/20,Jammu and Kashmir,875,28,2164
31/05/20,Jammu and Kashmir,908,28,2341
01/06/20,Jammu and Kashmir,927,28,2446
02/06/20,Jammu and Kashmir,946,31,2601
03/06/20,Jammu and Kashmir,953,33,2718
04/06/20,Jammu and Kashmir,1007,34,2857
05/06/20,Jammu and Kashmir,1048,35,3142
01/04/20,Jharkhand,0,0,1
02/04/20,Jharkhand,0,0,1
03/04/20,Jharkhand,0,0,2
04/04/20,Jharkhand,0,0,2
05/04/20,Jharkhand,0,0,3
06/04/20,Jharkhand,0,0,4
07/04/20,Jharkhand,0,0,4
08/04/20,Jharkhand,0,0,4
09/04/20,Jharkhand,0,0,13
10/04/20,Jharkhand,0,1,13
11/04/20,Jharkhand,0,1,17
12/04/20,Jharkhand,0,1,17
13/04/20,Jharkhand,0,2,19
14/04/20,Jharkhand,0,2,24
15/04/20,Jharkhand,0,2,27
16/04/20,Jharkhand,0,2,28
17/04/20,Jharkhand,0,2,29
18/04/20,Jharkhand,0,2,33
19/04/20,Jharkhand,0,2,35
20/04/20,Jharkhand,0,2,42
21/04/20,Jharkhand,0,2,46
22/04/20,Jharkhand,0,3,45
23/04/20,Jharkhand,8,3,49
24/04/20,Jharkhand,8,3,55
25/04/20,Jharkhand,9,3,59
26/04/20,Jharkhand,13,3,67
27/04/20,Jharkhand,13,3,82
28/04/20,Jharkhand,17,3,103
29/04/20,Jharkhand,19,3,105
30/04/20,Jharkhand,19,3,107
01/05/20,Jharkhand,20,3,111
02/05/20,Jharkhand,20,3,111
03/05/20,Jharkhand,22,3,115
04/05/20,Jharkhand,22,3,115
05/05/20,Jharkhand,27,3,115
06/05/20,Jharkhand,33,3,125
07/05/20,Jharkhand,37,3,127
08/05/20,Jharkhand,41,3,132
09/05/20,Jharkhand,52,3,132
10/05/20,Jharkhand,78,3,156
11/05/20,Jharkhand,78,3,157
12/05/20,Jharkhand,78,3,160
13/05/20,Jharkhand,79,3,172
14/05/20,Jharkhand,79,3,173
15/05/20,Jharkhand,87,3,197
16/05/20,Jharkhand,87,3,203
17/05/20,Jharkhand,113,3,217
18/05/20,Jharkhand,113,3,223
19/05/20,Jharkhand,113,3,223
20/05/20,Jharkhand,127,3,231
21/05/20,Jharkhand,127,3,231
22/05/20,Jharkhand,129,3,290
23/05/20,Jharkhand,136,3,308
24/05/20,Jharkhand,141,4,350
25/05/20,Jharkhand,148,4,370
26/05/20,Jharkhand,148,4,377
27/05/20,Jharkhand,175,4,426
28/05/20,Jharkhand,185,4,448
29/05/20,Jharkhand,212,4,469
30/05/20,Jharkhand,216,5,511
31/05/20,Jharkhand,256,5,563
01/06/20,Jharkhand,256,5,610
02/06/20,Jharkhand,296,5,659
03/06/20,Jharkhand,320,5,712
04/06/20,Jharkhand,321,5,752
05/06/20,Jharkhand,354,6,793
09/03/20,Karnataka,0,0,1
10/03/20,Karnataka,0,0,4
11/03/20,Karnataka,0,0,4
12/03/20,Karnataka,0,0,4
13/03/20,Karnataka,0,1,6
14/03/20,Karnataka,0,1,6
15/03/20,Karnataka,0,1,6
16/03/20,Karnataka,0,1,6
17/03/20,Karnataka,0,1,11
18/03/20,Karnataka,0,1,11
19/03/20,Karnataka,0,1,14
20/03/20,Karnataka,1,1,15
21/03/20,Karnataka,1,1,15
22/03/20,Karnataka,2,1,26
23/03/20,Karnataka,2,1,33
24/03/20,Karnataka,3,1,37
25/03/20,Karnataka,3,1,41
26/03/20,Karnataka,3,2,55
27/03/20,Karnataka,3,2,55
28/03/20,Karnataka,3,2,55
29/03/20,Karnataka,5,3,76
30/03/20,Karnataka,5,3,83
31/03/20,Karnataka,5,3,83
01/04/20,Karnataka,8,3,101
02/04/20,Karnataka,9,3,110
03/04/20,Karnataka,10,3,124
04/04/20,Karnataka,12,3,128
05/04/20,Karnataka,12,4,144
06/04/20,Karnataka,12,4,151
07/04/20,Karnataka,25,4,175
08/04/20,Karnataka,25,4,175
09/04/20,Karnataka,28,5,181
10/04/20,Karnataka,30,6,197
11/04/20,Karnataka,37,6,214
12/04/20,Karnataka,37,6,226
13/04/20,Karnataka,59,6,247
14/04/20,Karnataka,65,9,258
15/04/20,Karnataka,75,11,277
16/04/20,Karnataka,82,13,315
17/04/20,Karnataka,82,13,353
18/04/20,Karnataka,92,13,371
19/04/20,Karnataka,104,14,384
20/04/20,Karnataka,111,16,395
21/04/20,Karnataka,114,17,415
22/04/20,Karnataka,129,17,425
23/04/20,Karnataka,141,17,443
24/04/20,Karnataka,150,18,463
25/04/20,Karnataka,153,18,489
26/04/20,Karnataka,177,18,501
27/04/20,Karnataka,188,20,511
28/04/20,Karnataka,198,20,520
29/04/20,Karnataka,215,20,532
30/04/20,Karnataka,223,21,557
01/05/20,Karnataka,235,22,576
02/05/20,Karnataka,251,22,589
03/05/20,Karnataka,282,25,606
04/05/20,Karnataka,304,26,642
05/05/20,Karnataka,324,28,659
06/05/20,Karnataka,331,29,671
07/05/20,Karnataka,354,29,693
08/05/20,Karnataka,366,30,705
09/05/20,Karnataka,376,30,753
10/05/20,Karnataka,386,30,794
11/05/20,Karnataka,424,31,848
12/05/20,Karnataka,426,31,862
13/05/20,Karnataka,433,31,925
14/05/20,Karnataka,451,33,959
15/05/20,Karnataka,460,35,987
16/05/20,Karnataka,480,36,1056
17/05/20,Karnataka,496,36,1092
18/05/20,Karnataka,509,37,1147
19/05/20,Karnataka,530,37,1246
20/05/20,Karnataka,544,40,1397
21/05/20,Karnataka,556,41,1462
22/05/20,Karnataka,571,41,1605
23/05/20,Karnataka,597,41,1743
24/05/20,Karnataka,608,42,1959
25/05/20,Karnataka,654,42,2089
26/05/20,Karnataka,705,44,2182
27/05/20,Karnataka,748,44,2283
28/05/20,Karnataka,781,47,2418
29/05/20,Karnataka,834,47,2533
30/05/20,Karnataka,894,48,2781
31/05/20,Karnataka,997,48,2922
01/06/20,Karnataka,1218,51,3221
02/06/20,Karnataka,1328,52,3408
03/06/20,Karnataka,1403,52,3796
04/06/20,Karnataka,1514,53,4063
05/06/20,Karnataka,1610,57,4320
30/01/20,Kerala,0,0,1
31/01/20,Kerala,0,0,1
01/02/20,Kerala,0,0,2
02/02/20,Kerala,0,0,3
03/02/20,Kerala,0,0,3
04/02/20,Kerala,0,0,3
05/02/20,Kerala,0,0,3
06/02/20,Kerala,0,0,3
07/02/20,Kerala,0,0,3
08/02/20,Kerala,0,0,3
09/02/20,Kerala,0,0,3
10/02/20,Kerala,0,0,3
11/02/20,Kerala,0,0,3
12/02/20,Kerala,0,0,3
13/02/20,Kerala,0,0,3
14/02/20,Kerala,0,0,3
15/02/20,Kerala,0,0,3
16/02/20,Kerala,0,0,3
17/02/20,Kerala,0,0,3
18/02/20,Kerala,0,0,3
19/02/20,Kerala,0,0,3
20/02/20,Kerala,0,0,3
21/02/20,Kerala,0,0,3
22/02/20,Kerala,0,0,3
23/02/20,Kerala,0,0,3
24/02/20,Kerala,0,0,3
25/02/20,Kerala,0,0,3
26/02/20,Kerala,0,0,3
27/02/20,Kerala,0,0,3
28/02/20,Kerala,0,0,3
29/02/20,Kerala,0,0,3
01/03/20,Kerala,0,0,3
02/03/20,Kerala,0,0,3
03/03/20,Kerala,3,0,3
04/03/20,Kerala,3,0,3
05/03/20,Kerala,3,0,3
06/03/20,Kerala,3,0,3
07/03/20,Kerala,3,0,3
08/03/20,Kerala,3,0,8
09/03/20,Kerala,3,0,9
10/03/20,Kerala,3,0,15
11/03/20,Kerala,3,0,17
12/03/20,Kerala,3,0,17
13/03/20,Kerala,3,0,19
14/03/20,Kerala,3,0,19
15/03/20,Kerala,3,0,22
16/03/20,Kerala,3,0,23
17/03/20,Kerala,3,0,26
18/03/20,Kerala,3,0,27
19/03/20,Kerala,3,0,27
20/03/20,Kerala,3,0,28
21/03/20,Kerala,3,0,40
22/03/20,Kerala,3,0,52
23/03/20,Kerala,3,0,67
24/03/20,Kerala,4,0,95
25/03/20,Kerala,4,0,109
26/03/20,Kerala,6,0,118
27/03/20,Kerala,11,0,137
28/03/20,Kerala,11,0,176
29/03/20,Kerala,15,1,182
30/03/20,Kerala,19,1,202
31/03/20,Kerala,19,1,234
01/04/20,Kerala,23,2,241
02/04/20,Kerala,25,2,265
03/04/20,Kerala,27,2,286
04/04/20,Kerala,41,2,295
05/04/20,Kerala,49,2,306
06/04/20,Kerala,55,2,314
07/04/20,Kerala,58,2,327
08/04/20,Kerala,70,2,336
09/04/20,Kerala,83,2,345
10/04/20,Kerala,96,2,357
11/04/20,Kerala,123,2,364
12/04/20,Kerala,142,2,374
13/04/20,Kerala,179,3,376
14/04/20,Kerala,198,3,379
15/04/20,Kerala,211,3,387
16/04/20,Kerala,218,3,388
17/04/20,Kerala,245,3,395
18/04/20,Kerala,255,3,396
19/04/20,Kerala,257,3,400
20/04/20,Kerala,270,3,402
21/04/20,Kerala,291,3,408
22/04/20,Kerala,323,3,427
23/04/20,Kerala,324,3,438
24/04/20,Kerala,324,3,448
25/04/20,Kerala,331,4,451
26/04/20,Kerala,338,4,458
27/04/20,Kerala,342,4,469
28/04/20,Kerala,355,4,482
29/04/20,Kerala,359,4,486
30/04/20,Kerala,369,4,496
01/05/20,Kerala,383,4,497
02/05/20,Kerala,392,4,497
03/05/20,Kerala,400,4,500
04/05/20,Kerala,401,4,500
05/05/20,Kerala,462,4,500
06/05/20,Kerala,462,4,502
07/05/20,Kerala,469,4,503
08/05/20,Kerala,474,4,503
09/05/20,Kerala,484,4,503
10/05/20,Kerala,485,4,505
11/05/20,Kerala,489,4,512
12/05/20,Kerala,489,4,519
13/05/20,Kerala,489,4,524
14/05/20,Kerala,490,4,534
15/05/20,Kerala,491,4,560
16/05/20,Kerala,492,4,576
17/05/20,Kerala,495,4,587
18/05/20,Kerala,497,4,601
19/05/20,Kerala,497,4,630
20/05/20,Kerala,497,4,642
21/05/20,Kerala,502,4,666
22/05/20,Kerala,510,4,690
23/05/20,Kerala,512,4,732
24/05/20,Kerala,515,4,795
25/05/20,Kerala,521,4,847
26/05/20,Kerala,532,5,896
27/05/20,Kerala,542,6,963
28/05/20,Kerala,552,7,1004
29/05/20,Kerala,555,7,1088
30/05/20,Kerala,565,8,1150
31/05/20,Kerala,575,9,1208
01/06/20,Kerala,590,9,1269
02/06/20,Kerala,608,10,1326
03/06/20,Kerala,627,11,1412
04/06/20,Kerala,651,11,1494
05/06/20,Kerala,690,14,1588
07/03/20,Ladakh,0,0,2
08/03/20,Ladakh,0,0,2
09/03/20,Ladakh,0,0,2
10/03/20,Ladakh,0,0,2
11/03/20,Ladakh,0,0,2
12/03/20,Ladakh,0,0,3
13/03/20,Ladakh,0,0,3
14/03/20,Ladakh,0,0,3
15/03/20,Ladakh,0,0,3
16/03/20,Ladakh,0,0,4
17/03/20,Ladakh,0,0,6
18/03/20,Ladakh,0,0,8
19/03/20,Ladakh,0,0,8
20/03/20,Ladakh,0,0,10
21/03/20,Ladakh,0,0,13
22/03/20,Ladakh,0,0,13
23/03/20,Ladakh,0,0,13
24/03/20,Ladakh,0,0,13
25/03/20,Ladakh,0,0,13
26/03/20,Ladakh,0,0,13
27/03/20,Ladakh,3,0,13
28/03/20,Ladakh,3,0,13
29/03/20,Ladakh,3,0,13
30/03/20,Ladakh,3,0,13
31/03/20,Ladakh,3,0,13
01/04/20,Ladakh,3,0,13
02/04/20,Ladakh,3,0,13
03/04/20,Ladakh,3,0,14
04/04/20,Ladakh,3,0,14
05/04/20,Ladakh,10,0,14
06/04/20,Ladakh,10,0,14
07/04/20,Ladakh,10,0,14
08/04/20,Ladakh,10,0,14
09/04/20,Ladakh,10,0,14
10/04/20,Ladakh,10,0,15
11/04/20,Ladakh,10,0,15
12/04/20,Ladakh,10,0,15
13/04/20,Ladakh,10,0,15
14/04/20,Ladakh,10,0,15
15/04/20,Ladakh,10,0,17
16/04/20,Ladakh,10,0,17
17/04/20,Ladakh,14,0,18
18/04/20,Ladakh,14,0,18
19/04/20,Ladakh,14,0,18
20/04/20,Ladakh,14,0,18
21/04/20,Ladakh,14,0,18
22/04/20,Ladakh,14,0,18
23/04/20,Ladakh,14,0,18
24/04/20,Ladakh,14,0,18
25/04/20,Ladakh,14,0,20
26/04/20,Ladakh,14,0,20
27/04/20,Ladakh,14,0,20
28/04/20,Ladakh,16,0,22
29/04/20,Ladakh,16,0,22
30/04/20,Ladakh,16,0,22
01/05/20,Ladakh,16,0,22
02/05/20,Ladakh,17,0,22
03/05/20,Ladakh,17,0,40
04/05/20,Ladakh,17,0,41
05/05/20,Ladakh,17,0,41
06/05/20,Ladakh,17,0,41
07/05/20,Ladakh,17,0,41
08/05/20,Ladakh,17,0,42
09/05/20,Ladakh,17,0,42
10/05/20,Ladakh,17,0,42
11/05/20,Ladakh,21,0,42
12/05/20,Ladakh,21,0,42
13/05/20,Ladakh,21,0,42
14/05/20,Ladakh,22,0,43
15/05/20,Ladakh,22,0,43
16/05/20,Ladakh,22,0,43
17/05/20,Ladakh,22,0,43
18/05/20,Ladakh,24,0,43
19/05/20,Ladakh,41,0,43
20/05/20,Ladakh,43,0,43
21/05/20,Ladakh,43,0,44
22/05/20,Ladakh,43,0,44
23/05/20,Ladakh,43,0,44
24/05/20,Ladakh,43,0,49
25/05/20,Ladakh,43,0,52
26/05/20,Ladakh,43,0,52
27/05/20,Ladakh,43,0,53
28/05/20,Ladakh,43,0,53
29/05/20,Ladakh,43,0,73
30/05/20,Ladakh,43,0,74
31/05/20,Ladakh,43,0,74
01/06/20,Ladakh,43,0,74
02/06/20,Ladakh,43,0,77
03/06/20,Ladakh,47,1,81
04/06/20,Ladakh,48,1,90
05/06/20,Ladakh,48,1,90
21/03/20,Madhya Pradesh,0,0,4
22/03/20,Madhya Pradesh,0,0,4
23/03/20,Madhya Pradesh,0,0,6
24/03/20,Madhya Pradesh,0,0,7
25/03/20,Madhya Pradesh,0,0,14
26/03/20,Madhya Pradesh,0,1,20
27/03/20,Madhya Pradesh,0,1,20
28/03/20,Madhya Pradesh,0,2,30
29/03/20,Madhya Pradesh,0,2,30
30/03/20,Madhya Pradesh,0,3,47
31/03/20,Madhya Pradesh,0,3,47
01/04/20,Madhya Pradesh,0,3,66
02/04/20,Madhya Pradesh,0,6,99
03/04/20,Madhya Pradesh,0,6,104
04/04/20,Madhya Pradesh,0,6,104
05/04/20,Madhya Pradesh,0,9,165
06/04/20,Madhya Pradesh,0,9,165
07/04/20,Madhya Pradesh,0,13,229
08/04/20,Madhya Pradesh,0,13,229
09/04/20,Madhya Pradesh,0,16,259
10/04/20,Madhya Pradesh,0,16,259
11/04/20,Madhya Pradesh,0,33,443
12/04/20,Madhya Pradesh,0,36,564
13/04/20,Madhya Pradesh,44,43,604
14/04/20,Madhya Pradesh,51,50,730
15/04/20,Madhya Pradesh,64,53,987
16/04/20,Madhya Pradesh,64,53,1120
17/04/20,Madhya Pradesh,65,57,1308
18/04/20,Madhya Pradesh,69,69,1355
19/04/20,Madhya Pradesh,127,70,1407
20/04/20,Madhya Pradesh,127,74,1485
21/04/20,Madhya Pradesh,127,76,1540
22/04/20,Madhya Pradesh,148,80,1592
23/04/20,Madhya Pradesh,148,81,1695
24/04/20,Madhya Pradesh,203,83,1852
25/04/20,Madhya Pradesh,210,92,1952
26/04/20,Madhya Pradesh,210,99,2096
27/04/20,Madhya Pradesh,302,106,2168
28/04/20,Madhya Pradesh,361,113,2368
29/04/20,Madhya Pradesh,377,119,2561
30/04/20,Madhya Pradesh,461,130,2660
01/05/20,Madhya Pradesh,482,137,2719
02/05/20,Madhya Pradesh,524,145,2719
03/05/20,Madhya Pradesh,798,156,2846
04/05/20,Madhya Pradesh,798,165,2942
05/05/20,Madhya Pradesh,1000,176,3049
06/05/20,Madhya Pradesh,1000,176,3049
07/05/20,Madhya Pradesh,1099,185,3138
08/05/20,Madhya Pradesh,1231,193,3252
09/05/20,Madhya Pradesh,1349,200,3341
10/05/20,Madhya Pradesh,1676,215,3614
11/05/20,Madhya Pradesh,1676,215,3614
12/05/20,Madhya Pradesh,1747,221,3785
13/05/20,Madhya Pradesh,1860,225,3986
14/05/20,Madhya Pradesh,2004,232,4173
15/05/20,Madhya Pradesh,2171,237,4426
16/05/20,Madhya Pradesh,2283,239,4595
17/05/20,Madhya Pradesh,2315,243,4789
18/05/20,Madhya Pradesh,2403,248,4977
19/05/20,Madhya Pradesh,2435,252,5236
20/05/20,Madhya Pradesh,2630,258,5465
21/05/20,Madhya Pradesh,2733,267,5735
22/05/20,Madhya Pradesh,2843,270,5981
23/05/20,Madhya Pradesh,3089,272,6170
24/05/20,Madhya Pradesh,3267,281,6371
25/05/20,Madhya Pradesh,3408,290,6665
26/05/20,Madhya Pradesh,3571,300,6859
27/05/20,Madhya Pradesh,3689,305,7024
28/05/20,Madhya Pradesh,3927,313,7261
29/05/20,Madhya Pradesh,4050,321,7453
30/05/20,Madhya Pradesh,4269,334,7645
31/05/20,Madhya Pradesh,4444,343,7891
01/06/20,Madhya Pradesh,4842,350,8089
02/06/20,Madhya Pradesh,5003,358,8283
03/06/20,Madhya Pradesh,5221,364,8420
04/06/20,Madhya Pradesh,5445,371,8588
05/06/20,Madhya Pradesh,5637,377,8762
09/03/20,Maharashtra,0,0,2
10/03/20,Maharashtra,0,0,5
11/03/20,Maharashtra,0,0,2
12/03/20,Maharashtra,0,0,11
13/03/20,Maharashtra,0,0,14
14/03/20,Maharashtra,0,0,14
15/03/20,Maharashtra,0,0,32
16/03/20,Maharashtra,0,0,32
17/03/20,Maharashtra,0,1,39
18/03/20,Maharashtra,0,1,42
19/03/20,Maharashtra,0,1,47
20/03/20,Maharashtra,0,1,52
21/03/20,Maharashtra,0,1,63
22/03/20,Maharashtra,0,2,67
23/03/20,Maharashtra,0,2,74
24/03/20,Maharashtra,0,2,89
25/03/20,Maharashtra,1,3,128
26/03/20,Maharashtra,1,3,124
27/03/20,Maharashtra,15,4,130
28/03/20,Maharashtra,25,5,180
29/03/20,Maharashtra,25,6,186
30/03/20,Maharashtra,25,8,198
31/03/20,Maharashtra,39,9,216
01/04/20,Maharashtra,39,9,302
02/04/20,Maharashtra,42,13,335
03/04/20,Maharashtra,42,16,335
04/04/20,Maharashtra,42,24,490
05/04/20,Maharashtra,42,24,490
06/04/20,Maharashtra,56,45,748
07/04/20,Maharashtra,56,48,868
08/04/20,Maharashtra,79,64,1018
09/04/20,Maharashtra,117,72,1135
10/04/20,Maharashtra,125,97,1364
11/04/20,Maharashtra,188,110,1574
12/04/20,Maharashtra,208,127,1761
13/04/20,Maharashtra,217,149,1985
14/04/20,Maharashtra,229,160,2337
15/04/20,Maharashtra,259,178,2687
16/04/20,Maharashtra,295,187,2919
17/04/20,Maharashtra,300,194,3205
18/04/20,Maharashtra,331,201,3323
19/04/20,Maharashtra,365,211,3651
20/04/20,Maharashtra,507,223,4203
21/04/20,Maharashtra,572,232,4669
22/04/20,Maharashtra,722,251,5221
23/04/20,Maharashtra,789,269,5652
24/04/20,Maharashtra,840,283,6430
25/04/20,Maharashtra,957,301,6817
26/04/20,Maharashtra,1076,323,7628
27/04/20,Maharashtra,1188,342,8068
28/04/20,Maharashtra,1282,369,8590
29/04/20,Maharashtra,1388,400,9318
30/04/20,Maharashtra,1593,432,9915
01/05/20,Maharashtra,1773,459,10498
02/05/20,Maharashtra,1879,485,11506
03/05/20,Maharashtra,2000,521,12296
04/05/20,Maharashtra,2115,548,12974
05/05/20,Maharashtra,2465,583,14541
06/05/20,Maharashtra,2819,617,15525
07/05/20,Maharashtra,3094,651,16758
08/05/20,Maharashtra,3301,694,17974
09/05/20,Maharashtra,3470,731,19063
10/05/20,Maharashtra,3800,779,20228
11/05/20,Maharashtra,4199,832,22171
12/05/20,Maharashtra,4786,868,23401
13/05/20,Maharashtra,5125,921,24427
14/05/20,Maharashtra,5547,975,25922
15/05/20,Maharashtra,6059,1019,27524
16/05/20,Maharashtra,6564,1068,29100
17/05/20,Maharashtra,7088,1135,30706
18/05/20,Maharashtra,7688,1198,33053
19/05/20,Maharashtra,8437,1249,35058
20/05/20,Maharashtra,9639,1325,37136
21/05/20,Maharashtra,10318,1390,39297
22/05/20,Maharashtra,11726,1454,41642
23/05/20,Maharashtra,12583,1517,44582
24/05/20,Maharashtra,13404,1577,47190
25/05/20,Maharashtra,14600,1635,50231
26/05/20,Maharashtra,15786,1695,52667
27/05/20,Maharashtra,16954,1792,54758
28/05/20,Maharashtra,17918,1897,56948
29/05/20,Maharashtra,18616,1982,59546
30/05/20,Maharashtra,26997,2098,62228
31/05/20,Maharashtra,28081,2197,65168
01/06/20,Maharashtra,29329,2286,67655
02/06/20,Maharashtra,30108,2362,70013
03/06/20,Maharashtra,31333,2465,72300
04/06/20,Maharashtra,32329,2587,74860
05/06/20,Maharashtra,33681,2710,77793
24/03/20,Manipur,0,0,1
25/03/20,Manipur,0,0,1
26/03/20,Manipur,0,0,1
27/03/20,Manipur,0,0,1
28/03/20,Manipur,0,0,1
29/03/20,Manipur,0,0,1
30/03/20,Manipur,0,0,1
31/03/20,Manipur,0,0,1
01/04/20,Manipur,0,0,1
02/04/20,Manipur,0,0,1
03/04/20,Manipur,0,0,2
04/04/20,Manipur,0,0,2
05/04/20,Manipur,0,0,2
06/04/20,Manipur,0,0,2
07/04/20,Manipur,0,0,2
08/04/20,Manipur,0,0,2
09/04/20,Manipur,1,0,2
10/04/20,Manipur,1,0,2
11/04/20,Manipur,1,0,2
12/04/20,Manipur,1,0,2
13/04/20,Manipur,1,0,2
14/04/20,Manipur,1,0,2
15/04/20,Manipur,1,0,2
16/04/20,Manipur,1,0,2
17/04/20,Manipur,1,0,2
18/04/20,Manipur,1,0,2
19/04/20,Manipur,1,0,2
20/04/20,Manipur,2,0,2
21/04/20,Manipur,2,0,2
22/04/20,Manipur,2,0,2
23/04/20,Manipur,2,0,2
24/04/20,Manipur,2,0,2
25/04/20,Manipur,2,0,2
26/04/20,Manipur,2,0,2
27/04/20,Manipur,2,0,2
28/04/20,Manipur,2,0,2
29/04/20,Manipur,2,0,2
30/04/20,Manipur,2,0,2
01/05/20,Manipur,2,0,2
02/05/20,Manipur,2,0,2
03/05/20,Manipur,2,0,2
04/05/20,Manipur,2,0,2
05/05/20,Manipur,2,0,2
06/05/20,Manipur,2,0,2
07/05/20,Manipur,2,0,2
08/05/20,Manipur,2,0,2
09/05/20,Manipur,2,0,2
10/05/20,Manipur,2,0,2
11/05/20,Manipur,2,0,2
12/05/20,Manipur,2,0,2
13/05/20,Manipur,2,0,2
14/05/20,Manipur,2,0,2
15/05/20,Manipur,2,0,3
16/05/20,Manipur,2,0,3
17/05/20,Manipur,2,0,7
18/05/20,Manipur,2,0,7
19/05/20,Manipur,2,0,7
20/05/20,Manipur,2,0,9
21/05/20,Manipur,2,0,25
22/05/20,Manipur,2,0,25
23/05/20,Manipur,2,0,26
24/05/20,Manipur,4,0,29
25/05/20,Manipur,4,0,32
26/05/20,Manipur,4,0,39
27/05/20,Manipur,4,0,39
28/05/20,Manipur,4,0,44
29/05/20,Manipur,5,0,55
30/05/20,Manipur,8,0,59
31/05/20,Manipur,8,0,62
01/06/20,Manipur,11,0,71
02/06/20,Manipur,11,0,83
03/06/20,Manipur,14,0,89
04/06/20,Manipur,38,0,118
05/06/20,Manipur,38,0,124
14/04/20,Meghalaya,0,0,1
15/04/20,Meghalaya,0,1,7
16/04/20,Meghalaya,0,1,7
17/04/20,Meghalaya,0,1,9
18/04/20,Meghalaya,0,1,11
19/04/20,Meghalaya,0,1,11
20/04/20,Meghalaya,0,1,11
21/04/20,Meghalaya,0,1,11
22/04/20,Meghalaya,0,1,12
23/04/20,Meghalaya,0,1,12
24/04/20,Meghalaya,0,1,12
25/04/20,Meghalaya,0,1,12
26/04/20,Meghalaya,0,1,12
27/04/20,Meghalaya,0,1,12
28/04/20,Meghalaya,0,1,12
29/04/20,Meghalaya,0,1,12
30/04/20,Meghalaya,0,1,12
01/05/20,Meghalaya,0,1,12
02/05/20,Meghalaya,0,1,12
03/05/20,Meghalaya,0,1,12
04/05/20,Meghalaya,0,1,12
05/05/20,Meghalaya,10,1,12
06/05/20,Meghalaya,10,1,12
07/05/20,Meghalaya,10,1,12
08/05/20,Meghalaya,10,1,12
09/05/20,Meghalaya,10,1,12
10/05/20,Meghalaya,10,1,13
11/05/20,Meghalaya,10,1,13
12/05/20,Meghalaya,10,1,13
13/05/20,Meghalaya,10,1,13
14/05/20,Meghalaya,10,1,13
15/05/20,Meghalaya,11,1,13
16/05/20,Meghalaya,11,1,13
17/05/20,Meghalaya,11,1,13
18/05/20,Meghalaya,11,1,13
19/05/20,Meghalaya,11,1,13
20/05/20,Meghalaya,12,1,13
21/05/20,Meghalaya,12,1,14
22/05/20,Meghalaya,12,1,14
23/05/20,Meghalaya,12,1,14
24/05/20,Meghalaya,12,1,14
25/05/20,Meghalaya,12,1,14
26/05/20,Meghalaya,12,1,14
27/05/20,Meghalaya,12,1,15
28/05/20,Meghalaya,12,1,20
29/05/20,Meghalaya,12,1,21
30/05/20,Meghalaya,12,1,27
31/05/20,Meghalaya,12,1,27
01/06/20,Meghalaya,12,1,27
02/06/20,Meghalaya,12,1,27
03/06/20,Meghalaya,12,1,27
04/06/20,Meghalaya,13,1,33
05/06/20,Meghalaya,13,1,33
25/03/20,Mizoram,0,0,1
26/03/20,Mizoram,0,0,1
27/03/20,Mizoram,0,0,1
28/03/20,Mizoram,0,0,1
29/03/20,Mizoram,0,0,1
30/03/20,Mizoram,0,0,1
31/03/20,Mizoram,0,0,1
01/04/20,Mizoram,0,0,1
02/04/20,Mizoram,0,0,1
03/04/20,Mizoram,0,0,1
04/04/20,Mizoram,0,0,1
05/04/20,Mizoram,0,0,1
06/04/20,Mizoram,0,0,1
07/04/20,Mizoram,0,0,1
08/04/20,Mizoram,0,0,1
09/04/20,Mizoram,0,0,1
10/04/20,Mizoram,0,0,1
11/04/20,Mizoram,0,0,1
12/04/20,Mizoram,0,0,1
13/04/20,Mizoram,0,0,1
14/04/20,Mizoram,0,0,1
15/04/20,Mizoram,0,0,1
16/04/20,Mizoram,0,0,1
17/04/20,Mizoram,0,0,1
18/04/20,Mizoram,0,0,1
19/04/20,Mizoram,0,0,1
20/04/20,Mizoram,0,0,1
21/04/20,Mizoram,0,0,1
22/04/20,Mizoram,0,0,1
23/04/20,Mizoram,0,0,1
24/04/20,Mizoram,0,0,1
25/04/20,Mizoram,0,0,1
26/04/20,Mizoram,0,0,1
27/04/20,Mizoram,0,0,1
28/04/20,Mizoram,0,0,1
29/04/20,Mizoram,0,0,1
30/04/20,Mizoram,0,0,1
01/05/20,Mizoram,0,0,1
02/05/20,Mizoram,0,0,1
03/05/20,Mizoram,0,0,1
04/05/20,Mizoram,0,0,1
05/05/20,Mizoram,0,0,1
06/05/20,Mizoram,0,0,1
07/05/20,Mizoram,0,0,1
08/05/20,Mizoram,0,0,1
09/05/20,Mizoram,0,0,1
10/05/20,Mizoram,1,0,1
11/05/20,Mizoram,1,0,1
12/05/20,Mizoram,1,0,1
13/05/20,Mizoram,1,0,1
14/05/20,Mizoram,1,0,1
15/05/20,Mizoram,1,0,1
16/05/20,Mizoram,1,0,1
17/05/20,Mizoram,1,0,1
18/05/20,Mizoram,1,0,1
19/05/20,Mizoram,1,0,1
20/05/20,Mizoram,1,0,1
21/05/20,Mizoram,1,0,1
22/05/20,Mizoram,1,0,1
23/05/20,Mizoram,1,0,1
24/05/20,Mizoram,1,0,1
25/05/20,Mizoram,1,0,1
26/05/20,Mizoram,1,0,1
27/05/20,Mizoram,1,0,1
28/05/20,Mizoram,1,0,1
29/05/20,Mizoram,1,0,1
30/05/20,Mizoram,1,0,1
31/05/20,Mizoram,1,0,1
01/06/20,Mizoram,1,0,1
02/06/20,Mizoram,1,0,1
03/06/20,Mizoram,1,0,13
04/06/20,Mizoram,1,0,14
05/06/20,Mizoram,1,0,17
13/04/20,Nagaland,0,0,1
14/04/20,Nagaland,0,0,1
15/04/20,Nagaland,0,0,0
16/04/20,Nagaland,0,0,0
17/04/20,Nagaland,0,0,0
18/04/20,Nagaland,0,0,0
19/04/20,Nagaland,0,0,0
20/04/20,Nagaland,0,0,0
21/04/20,Nagaland,0,0,0
26/05/20,Nagaland,0,0,3
27/05/20,Nagaland,0,0,4
28/05/20,Nagaland,0,0,4
29/05/20,Nagaland,0,0,18
30/05/20,Nagaland,0,0,25
31/05/20,Nagaland,0,0,36
01/06/20,Nagaland,0,0,43
02/06/20,Nagaland,0,0,43
03/06/20,Nagaland,0,0,49
04/06/20,Nagaland,0,0,58
05/06/20,Nagaland,0,0,80
16/03/20,Odisha,0,0,1
17/03/20,Odisha,0,0,1
18/03/20,Odisha,0,0,1
19/03/20,Odisha,0,0,1
20/03/20,Odisha,0,0,2
21/03/20,Odisha,0,0,2
22/03/20,Odisha,0,0,2
23/03/20,Odisha,0,0,2
24/03/20,Odisha,0,0,2
25/03/20,Odisha,0,0,2
26/03/20,Odisha,0,0,2
27/03/20,Odisha,0,0,2
28/03/20,Odisha,0,0,3
29/03/20,Odisha,0,0,3
30/03/20,Odisha,0,0,3
31/03/20,Odisha,0,0,3
01/04/20,Odisha,0,0,4
02/04/20,Odisha,0,0,4
03/04/20,Odisha,0,0,5
04/04/20,Odisha,0,0,5
05/04/20,Odisha,0,0,20
06/04/20,Odisha,2,0,21
07/04/20,Odisha,2,1,42
08/04/20,Odisha,2,1,42
09/04/20,Odisha,2,1,42
10/04/20,Odisha,2,1,44
11/04/20,Odisha,2,1,48
12/04/20,Odisha,12,1,54
13/04/20,Odisha,12,1,54
14/04/20,Odisha,18,1,55
15/04/20,Odisha,18,1,60
16/04/20,Odisha,18,1,60
17/04/20,Odisha,19,1,60
18/04/20,Odisha,21,1,60
19/04/20,Odisha,24,1,61
20/04/20,Odisha,24,1,68
21/04/20,Odisha,24,1,74
22/04/20,Odisha,30,1,82
23/04/20,Odisha,32,1,83
24/04/20,Odisha,33,1,90
25/04/20,Odisha,33,1,94
26/04/20,Odisha,34,1,103
27/04/20,Odisha,35,1,108
28/04/20,Odisha,37,1,118
29/04/20,Odisha,38,1,119
30/04/20,Odisha,39,1,128
01/05/20,Odisha,41,1,143
02/05/20,Odisha,55,1,149
03/05/20,Odisha,56,1,160
04/05/20,Odisha,60,1,163
05/05/20,Odisha,60,1,170
06/05/20,Odisha,60,1,175
07/05/20,Odisha,61,2,185
08/05/20,Odisha,62,2,219
09/05/20,Odisha,63,2,271
10/05/20,Odisha,63,2,294
11/05/20,Odisha,68,3,377
12/05/20,Odisha,85,3,414
13/05/20,Odisha,116,3,437
14/05/20,Odisha,143,3,538
15/05/20,Odisha,158,3,611
16/05/20,Odisha,166,3,672
17/05/20,Odisha,196,3,737
18/05/20,Odisha,220,4,828
19/05/20,Odisha,220,4,876
20/05/20,Odisha,277,5,978
21/05/20,Odisha,307,6,1052
22/05/20,Odisha,393,7,1103
23/05/20,Odisha,436,7,1189
24/05/20,Odisha,497,7,1269
25/05/20,Odisha,550,7,1336
26/05/20,Odisha,649,7,1438
27/05/20,Odisha,733,7,1517
28/05/20,Odisha,733,7,1593
29/05/20,Odisha,887,7,1660
30/05/20,Odisha,887,7,1723
31/05/20,Odisha,1050,7,1819
01/06/20,Odisha,1126,7,1948
02/06/20,Odisha,1245,7,2104
03/06/20,Odisha,1325,7,2245
04/06/20,Odisha,1416,7,2388
05/06/20,Odisha,1416,7,2478
18/03/20,Puducherry,0,0,1
19/03/20,Puducherry,0,0,1
20/03/20,Puducherry,0,0,1
21/03/20,Puducherry,0,0,1
22/03/20,Puducherry,0,0,1
23/03/20,Puducherry,0,0,1
24/03/20,Puducherry,0,0,1
25/03/20,Puducherry,0,0,1
26/03/20,Puducherry,0,0,1
27/03/20,Puducherry,0,0,1
28/03/20,Puducherry,0,0,1
29/03/20,Puducherry,0,0,1
30/03/20,Puducherry,0,0,1
31/03/20,Puducherry,0,0,1
01/04/20,Puducherry,1,0,3
02/04/20,Puducherry,1,0,3
03/04/20,Puducherry,1,0,5
04/04/20,Puducherry,1,0,5
05/04/20,Puducherry,1,0,5
06/04/20,Puducherry,1,0,5
07/04/20,Puducherry,1,0,5
08/04/20,Puducherry,1,0,5
09/04/20,Puducherry,1,0,5
10/04/20,Puducherry,1,0,5
11/04/20,Puducherry,1,0,7
12/04/20,Puducherry,1,0,7
13/04/20,Puducherry,1,0,7
14/04/20,Puducherry,1,0,7
15/04/20,Puducherry,1,0,7
16/04/20,Puducherry,1,0,7
17/04/20,Puducherry,1,0,7
18/04/20,Puducherry,3,0,7
19/04/20,Puducherry,3,0,7
20/04/20,Puducherry,3,0,7
21/04/20,Puducherry,3,0,7
22/04/20,Puducherry,3,0,7
23/04/20,Puducherry,3,0,7
24/04/20,Puducherry,3,0,7
25/04/20,Puducherry,3,0,7
26/04/20,Puducherry,3,0,7
27/04/20,Puducherry,3,0,8
28/04/20,Puducherry,3,0,8
29/04/20,Puducherry,3,0,8
30/04/20,Puducherry,5,0,8
01/05/20,Puducherry,5,0,8
02/05/20,Puducherry,5,0,8
03/05/20,Puducherry,5,0,8
04/05/20,Puducherry,5,0,8
05/05/20,Puducherry,6,0,9
06/05/20,Puducherry,6,0,9
07/05/20,Puducherry,6,0,9
08/05/20,Puducherry,6,0,9
09/05/20,Puducherry,6,0,9
10/05/20,Puducherry,6,0,9
11/05/20,Puducherry,6,0,9
12/05/20,Puducherry,6,0,12
13/05/20,Puducherry,9,1,13
14/05/20,Puducherry,9,1,13
15/05/20,Puducherry,9,1,13
16/05/20,Puducherry,9,1,13
17/05/20,Puducherry,9,1,13
18/05/20,Puducherry,9,1,13
19/05/20,Puducherry,9,1,18
20/05/20,Puducherry,9,1,18
21/05/20,Puducherry,9,0,18
22/05/20,Puducherry,10,0,20
23/05/20,Puducherry,10,0,26
24/05/20,Puducherry,10,0,26
25/05/20,Puducherry,12,0,41
26/05/20,Puducherry,12,0,41
27/05/20,Puducherry,12,0,46
28/05/20,Puducherry,12,0,46
29/05/20,Puducherry,14,0,51
30/05/20,Puducherry,14,0,51
31/05/20,Puducherry,14,0,51
01/06/20,Puducherry,25,0,70
02/06/20,Puducherry,25,0,74
03/06/20,Puducherry,25,0,82
04/06/20,Puducherry,25,0,82
05/06/20,Puducherry,25,0,82
09/03/20,Punjab,0,0,1
10/03/20,Punjab,0,0,1
11/03/20,Punjab,0,0,1
12/03/20,Punjab,0,0,1
13/03/20,Punjab,0,0,1
14/03/20,Punjab,0,0,1
15/03/20,Punjab,0,0,1
16/03/20,Punjab,0,0,1
17/03/20,Punjab,0,0,1
18/03/20,Punjab,0,0,1
19/03/20,Punjab,0,1,2
20/03/20,Punjab,0,1,2
21/03/20,Punjab,0,1,13
22/03/20,Punjab,0,1,21
23/03/20,Punjab,0,1,21
24/03/20,Punjab,0,1,29
25/03/20,Punjab,0,1,29
26/03/20,Punjab,0,1,33
27/03/20,Punjab,0,1,33
28/03/20,Punjab,1,1,38
29/03/20,Punjab,1,1,38
30/03/20,Punjab,1,1,38
31/03/20,Punjab,1,3,41
01/04/20,Punjab,1,3,42
02/04/20,Punjab,1,4,46
03/04/20,Punjab,1,5,48
04/04/20,Punjab,1,5,57
05/04/20,Punjab,1,5,57
06/04/20,Punjab,4,6,76
07/04/20,Punjab,4,7,91
08/04/20,Punjab,4,7,91
09/04/20,Punjab,4,8,101
10/04/20,Punjab,5,11,132
11/04/20,Punjab,5,11,132
12/04/20,Punjab,5,11,151
13/04/20,Punjab,14,11,167
14/04/20,Punjab,14,12,176
15/04/20,Punjab,14,13,186
16/04/20,Punjab,27,13,186
17/04/20,Punjab,27,13,186
18/04/20,Punjab,27,13,202
19/04/20,Punjab,31,16,219
20/04/20,Punjab,31,16,219
21/04/20,Punjab,39,16,245
22/04/20,Punjab,49,16,251
23/04/20,Punjab,65,16,277
24/04/20,Punjab,65,16,277
25/04/20,Punjab,67,17,298
26/04/20,Punjab,67,17,298
27/04/20,Punjab,71,18,313
28/04/20,Punjab,71,18,313
29/04/20,Punjab,71,19,322
30/04/20,Punjab,90,19,357
01/05/20,Punjab,90,19,357
02/05/20,Punjab,90,19,480
03/05/20,Punjab,112,20,772
04/05/20,Punjab,117,21,1102
05/05/20,Punjab,128,23,1233
06/05/20,Punjab,133,25,1451
07/05/20,Punjab,135,27,1516
08/05/20,Punjab,149,28,1644
09/05/20,Punjab,152,29,1731
10/05/20,Punjab,157,31,1762
11/05/20,Punjab,166,31,1823
12/05/20,Punjab,168,31,1877
13/05/20,Punjab,171,32,1914
14/05/20,Punjab,200,32,1924
15/05/20,Punjab,223,32,1935
16/05/20,Punjab,305,32,1935
17/05/20,Punjab,1257,32,1946
18/05/20,Punjab,1366,35,1964
19/05/20,Punjab,1547,37,1980
20/05/20,Punjab,1642,38,2002
21/05/20,Punjab,1794,38,2005
22/05/20,Punjab,1819,39,2028
23/05/20,Punjab,1847,39,2029
24/05/20,Punjab,1870,39,2045
25/05/20,Punjab,1898,40,2060
26/05/20,Punjab,1898,40,2060
27/05/20,Punjab,1918,40,2106
28/05/20,Punjab,1918,40,2139
29/05/20,Punjab,1946,40,2158
30/05/20,Punjab,1949,42,2197
31/05/20,Punjab,1967,44,2233
01/06/20,Punjab,1987,45,2263
02/06/20,Punjab,2000,45,2301
03/06/20,Punjab,2017,46,2342
04/06/20,Punjab,2029,47,2376
05/06/20,Punjab,2043,47,2415
03/03/20,Rajasthan,0,0,1
04/03/20,Rajasthan,0,0,15
05/03/20,Rajasthan,0,0,15
06/03/20,Rajasthan,0,0,15
07/03/20,Rajasthan,0,0,15
08/03/20,Rajasthan,0,0,15
09/03/20,Rajasthan,0,0,15
10/03/20,Rajasthan,0,0,15
11/03/20,Rajasthan,0,0,3
12/03/20,Rajasthan,0,0,3
13/03/20,Rajasthan,0,0,3
14/03/20,Rajasthan,1,0,3
15/03/20,Rajasthan,3,0,4
16/03/20,Rajasthan,3,0,4
17/03/20,Rajasthan,3,0,4
18/03/20,Rajasthan,3,0,4
19/03/20,Rajasthan,3,0,7
20/03/20,Rajasthan,3,0,17
21/03/20,Rajasthan,3,0,17
22/03/20,Rajasthan,3,0,24
23/03/20,Rajasthan,3,0,28
24/03/20,Rajasthan,3,0,32
25/03/20,Rajasthan,3,0,36
26/03/20,Rajasthan,3,0,41
27/03/20,Rajasthan,3,0,41
28/03/20,Rajasthan,3,0,54
29/03/20,Rajasthan,3,0,55
30/03/20,Rajasthan,3,0,59
31/03/20,Rajasthan,3,0,74
01/04/20,Rajasthan,3,0,93
02/04/20,Rajasthan,3,0,108
03/04/20,Rajasthan,3,0,167
04/04/20,Rajasthan,21,0,200
05/04/20,Rajasthan,21,0,200
06/04/20,Rajasthan,21,0,274
07/04/20,Rajasthan,21,3,288
08/04/20,Rajasthan,21,3,328
09/04/20,Rajasthan,21,3,383
10/04/20,Rajasthan,21,3,463
11/04/20,Rajasthan,21,3,553
12/04/20,Rajasthan,21,3,700
13/04/20,Rajasthan,21,3,812
14/04/20,Rajasthan,133,3,879
15/04/20,Rajasthan,147,3,1005
16/04/20,Rajasthan,147,3,1023
17/04/20,Rajasthan,164,11,1131
18/04/20,Rajasthan,183,11,1229
19/04/20,Rajasthan,183,11,1351
20/04/20,Rajasthan,183,14,1478
21/04/20,Rajasthan,205,25,1576
22/04/20,Rajasthan,230,25,1801
23/04/20,Rajasthan,230,27,1890
24/04/20,Rajasthan,230,27,1964
25/04/20,Rajasthan,230,27,2034
26/04/20,Rajasthan,493,33,2083
27/04/20,Rajasthan,518,41,2185
28/04/20,Rajasthan,669,46,2262
29/04/20,Rajasthan,768,51,2364
30/04/20,Rajasthan,768,51,2438
01/05/20,Rajasthan,836,58,2584
02/05/20,Rajasthan,1116,62,2666
03/05/20,Rajasthan,1121,65,2772
04/05/20,Rajasthan,1356,71,2886
05/05/20,Rajasthan,1394,77,3061
06/05/20,Rajasthan,1525,89,3158
07/05/20,Rajasthan,1596,92,3317
08/05/20,Rajasthan,1596,97,3427
09/05/20,Rajasthan,1916,101,3579
10/05/20,Rajasthan,2026,106,3708
11/05/20,Rajasthan,2176,107,3814
12/05/20,Rajasthan,2264,113,3988
13/05/20,Rajasthan,2378,117,4126
14/05/20,Rajasthan,2459,121,4328
15/05/20,Rajasthan,2580,125,4534
16/05/20,Rajasthan,2677,125,4727
17/05/20,Rajasthan,2839,126,4960
18/05/20,Rajasthan,2992,131,5202
19/05/20,Rajasthan,3218,138,5507
20/05/20,Rajasthan,3337,143,5845
21/05/20,Rajasthan,3404,147,6015
22/05/20,Rajasthan,3485,151,6227
23/05/20,Rajasthan,3680,153,6494
24/05/20,Rajasthan,3786,160,6742
25/05/20,Rajasthan,3848,163,7028
26/05/20,Rajasthan,3951,167,7300
27/05/20,Rajasthan,4171,170,7536
28/05/20,Rajasthan,4457,173,7703
29/05/20,Rajasthan,4817,180,8067
30/05/20,Rajasthan,5244,184,8365
31/05/20,Rajasthan,5739,193,8617
01/06/20,Rajasthan,5927,194,8831
02/06/20,Rajasthan,6040,198,8980
03/06/20,Rajasthan,6435,203,9373
04/06/20,Rajasthan,6744,209,9652
05/06/20,Rajasthan,7104,213,9862
24/05/20,Sikkim,0,0,1
25/05/20,Sikkim,0,0,1
26/05/20,Sikkim,0,0,1
27/05/20,Sikkim,0,0,1
28/05/20,Sikkim,0,0,1
29/05/20,Sikkim,0,0,1
30/05/20,Sikkim,0,0,1
31/05/20,Sikkim,0,0,1
01/06/20,Sikkim,0,0,1
02/06/20,Sikkim,0,0,1
03/06/20,Sikkim,0,0,1
04/06/20,Sikkim,0,0,2
05/06/20,Sikkim,0,0,2
07/03/20,Tamil Nadu,0,0,1
08/03/20,Tamil Nadu,0,0,1
09/03/20,Tamil Nadu,0,0,1
10/03/20,Tamil Nadu,0,0,1
11/03/20,Tamil Nadu,0,0,1
12/03/20,Tamil Nadu,0,0,1
13/03/20,Tamil Nadu,0,0,1
14/03/20,Tamil Nadu,0,0,1
15/03/20,Tamil Nadu,0,0,1
16/03/20,Tamil Nadu,0,0,1
17/03/20,Tamil Nadu,0,0,1
18/03/20,Tamil Nadu,0,0,1
19/03/20,Tamil Nadu,1,0,2
20/03/20,Tamil Nadu,1,0,3
21/03/20,Tamil Nadu,1,0,3
22/03/20,Tamil Nadu,1,0,7
23/03/20,Tamil Nadu,1,0,9
24/03/20,Tamil Nadu,1,0,15
25/03/20,Tamil Nadu,1,0,18
26/03/20,Tamil Nadu,1,1,26
27/03/20,Tamil Nadu,1,1,29
28/03/20,Tamil Nadu,2,1,40
29/03/20,Tamil Nadu,4,1,49
30/03/20,Tamil Nadu,4,1,67
31/03/20,Tamil Nadu,4,1,74
01/04/20,Tamil Nadu,6,1,234
02/04/20,Tamil Nadu,6,1,234
03/04/20,Tamil Nadu,6,1,309
04/04/20,Tamil Nadu,6,2,411
05/04/20,Tamil Nadu,6,3,485
06/04/20,Tamil Nadu,8,5,571
07/04/20,Tamil Nadu,8,5,621
08/04/20,Tamil Nadu,19,7,690
09/04/20,Tamil Nadu,21,8,738
10/04/20,Tamil Nadu,21,8,834
11/04/20,Tamil Nadu,44,8,911
12/04/20,Tamil Nadu,44,10,969
13/04/20,Tamil Nadu,50,11,1075
14/04/20,Tamil Nadu,58,11,1173
15/04/20,Tamil Nadu,81,12,1204
16/04/20,Tamil Nadu,118,14,1242
17/04/20,Tamil Nadu,180,15,1267
18/04/20,Tamil Nadu,283,15,1323
19/04/20,Tamil Nadu,365,15,1372
20/04/20,Tamil Nadu,411,15,1477
21/04/20,Tamil Nadu,457,17,1520
22/04/20,Tamil Nadu,635,18,1596
23/04/20,Tamil Nadu,662,18,1629
24/04/20,Tamil Nadu,752,20,1683
25/04/20,Tamil Nadu,866,22,1755
26/04/20,Tamil Nadu,960,23,1821
27/04/20,Tamil Nadu,1020,24,1885
28/04/20,Tamil Nadu,1101,24,1937
29/04/20,Tamil Nadu,1168,25,2058
30/04/20,Tamil Nadu,1210,27,2162
01/05/20,Tamil Nadu,1258,27,2323
02/05/20,Tamil Nadu,1312,28,2526
03/05/20,Tamil Nadu,1341,29,2757
04/05/20,Tamil Nadu,1379,30,3023
05/05/20,Tamil Nadu,1409,31,3550
06/05/20,Tamil Nadu,1485,33,4058
07/05/20,Tamil Nadu,1516,35,4829
08/05/20,Tamil Nadu,1547,37,5409
09/05/20,Tamil Nadu,1605,40,6009
10/05/20,Tamil Nadu,1824,44,6535
11/05/20,Tamil Nadu,1959,47,7204
12/05/20,Tamil Nadu,2051,53,8002
13/05/20,Tamil Nadu,2134,61,8718
14/05/20,Tamil Nadu,2176,64,9227
15/05/20,Tamil Nadu,2240,66,9674
16/05/20,Tamil Nadu,2599,71,10108
17/05/20,Tamil Nadu,3538,74,10585
18/05/20,Tamil Nadu,4172,78,11224
19/05/20,Tamil Nadu,4406,81,11760
20/05/20,Tamil Nadu,4895,84,12448
21/05/20,Tamil Nadu,5882,87,13191
22/05/20,Tamil Nadu,6282,94,13967
23/05/20,Tamil Nadu,7128,98,14753
24/05/20,Tamil Nadu,7491,103,15512
25/05/20,Tamil Nadu,8324,111,16277
26/05/20,Tamil Nadu,8731,118,17082
27/05/20,Tamil Nadu,9342,127,17728
28/05/20,Tamil Nadu,9909,133,18545
29/05/20,Tamil Nadu,10548,145,19372
30/05/20,Tamil Nadu,11313,154,20246
31/05/20,Tamil Nadu,12000,160,21184
01/06/20,Tamil Nadu,12757,173,22333
02/06/20,Tamil Nadu,13170,184,23495
03/06/20,Tamil Nadu,13706,197,24586
04/06/20,Tamil Nadu,14316,208,25872
05/06/20,Tamil Nadu,14902,220,27256
02/03/20,Telengana,0,0,1
03/03/20,Telengana,0,0,1
04/03/20,Telengana,0,0,1
05/03/20,Telengana,0,0,1
06/03/20,Telengana,0,0,1
07/03/20,Telengana,0,0,1
08/03/20,Telengana,0,0,1
09/03/20,Telengana,0,0,1
10/03/20,Telengana,0,0,1
11/03/20,Telengana,0,0,1
12/03/20,Telengana,0,0,1
13/03/20,Telengana,0,0,1
14/03/20,Telengana,0,0,1
15/03/20,Telengana,1,0,3
16/03/20,Telengana,1,0,3
17/03/20,Telengana,1,0,5
18/03/20,Telengana,1,0,6
19/03/20,Telengana,1,0,6
20/03/20,Telengana,1,0,17
21/03/20,Telengana,1,0,21
22/03/20,Telengana,1,0,22
23/03/20,Telengana,1,0,32
24/03/20,Telengana,1,0,35
25/03/20,Telengana,1,0,35
26/03/20,Telengana,1,0,44
27/03/20,Telengana,1,0,45
28/03/20,Telengana,1,0,56
29/03/20,Telengana,1,1,66
30/03/20,Telengana,1,1,71
31/03/20,Telengana,1,1,79
01/04/20,Telengana,1,3,96
02/04/20,Telengana,1,3,107
03/04/20,Telengana,1,7,158
04/04/20,Telengana,1,7,159
05/04/20,Telengana,32,7,269
06/04/20,Telengana,34,7,321
07/04/20,Telengana,35,7,364
08/04/20,Telengana,35,7,427
09/04/20,Telengana,35,7,442
10/04/20,Telengana,35,7,473
11/04/20,Telengana,43,9,504
12/04/20,Telengana,43,9,504
13/04/20,Telengana,100,16,562
14/04/20,Telengana,100,17,624
15/04/20,Telengana,120,18,647
16/04/20,Telengana,120,18,698
17/04/20,Telengana,186,18,743
18/04/20,Telengana,186,18,791
19/04/20,Telengana,186,18,844
20/04/20,Telengana,190,21,873
21/04/20,Telengana,190,23,919
22/04/20,Telengana,194,23,945
23/04/20,Telengana,197,24,960
24/04/20,Telengana,253,26,984
25/04/20,Telengana,253,26,984
26/04/20,Telengana,280,26,991
27/04/20,Telengana,280,26,1002
28/04/20,Telengana,321,26,1004
29/04/20,Telengana,367,26,1012
30/04/20,Telengana,367,26,1012
01/05/20,Telengana,441,26,1039
02/05/20,Telengana,441,26,1039
03/05/20,Telengana,458,28,1063
04/05/20,Telengana,490,29,1082
05/05/20,Telengana,585,29,1085
06/05/20,Telengana,585,29,1096
07/05/20,Telengana,628,29,1107
08/05/20,Telengana,650,29,1123
09/05/20,Telengana,700,29,1133
10/05/20,Telengana,750,30,1163
11/05/20,Telengana,750,30,1196
12/05/20,Telengana,800,30,1275
13/05/20,Telengana,830,32,1326
14/05/20,Telengana,940,34,1367
15/05/20,Telengana,950,34,1414
16/05/20,Telengana,959,34,1454
17/05/20,Telengana,971,34,1509
18/05/20,Telengana,992,34,1551
19/05/20,Telengana,1000,35,1597
20/05/20,Telengana,1010,38,1634
21/05/20,Telengana,1015,40,1661
22/05/20,Telengana,1035,45,1699
23/05/20,Telengana,1043,45,1761
24/05/20,Telengana,1065,49,1813
25/05/20,Telengana,1090,53,1854
26/05/20,Telengana,1164,56,1920
27/05/20,Telengana,1284,57,1991
28/05/20,Telengana,1284,63,2098
29/05/20,Telengana,1345,67,2256
30/05/20,Telengana,1381,71,2425
31/05/20,Telengana,1412,77,2499
01/06/20,Telengana,1428,82,2698
02/06/20,Telengana,1491,88,2792
03/06/20,Telengana,1526,92,2891
04/06/20,Telengana,1556,99,3020
05/06/20,Telengana,1587,105,3147
07/04/20,Tripura,0,0,1
08/04/20,Tripura,0,0,1
09/04/20,Tripura,0,0,1
10/04/20,Tripura,0,0,1
11/04/20,Tripura,0,0,2
12/04/20,Tripura,0,0,2
13/04/20,Tripura,0,0,2
14/04/20,Tripura,0,0,2
15/04/20,Tripura,0,0,2
16/04/20,Tripura,1,0,2
17/04/20,Tripura,1,0,2
18/04/20,Tripura,1,0,2
19/04/20,Tripura,1,0,2
20/04/20,Tripura,1,0,2
21/04/20,Tripura,1,0,2
22/04/20,Tripura,1,0,2
23/04/20,Tripura,1,0,2
24/04/20,Tripura,1,0,2
25/04/20,Tripura,1,0,2
26/04/20,Tripura,2,0,2
27/04/20,Tripura,2,0,2
28/04/20,Tripura,2,0,2
29/04/20,Tripura,2,0,2
30/04/20,Tripura,2,0,2
01/05/20,Tripura,2,0,2
02/05/20,Tripura,2,0,2
03/05/20,Tripura,2,0,4
04/05/20,Tripura,2,0,16
05/05/20,Tripura,2,0,29
06/05/20,Tripura,2,0,43
07/05/20,Tripura,2,0,43
08/05/20,Tripura,2,0,65
09/05/20,Tripura,2,0,118
10/05/20,Tripura,2,0,134
11/05/20,Tripura,2,0,150
12/05/20,Tripura,2,0,152
13/05/20,Tripura,2,0,154
14/05/20,Tripura,16,0,155
15/05/20,Tripura,29,0,156
16/05/20,Tripura,42,0,156
17/05/20,Tripura,64,0,167
18/05/20,Tripura,85,0,167
19/05/20,Tripura,85,0,167
20/05/20,Tripura,116,0,173
21/05/20,Tripura,133,0,173
22/05/20,Tripura,148,0,173
23/05/20,Tripura,152,0,175
24/05/20,Tripura,153,0,189
25/05/20,Tripura,165,0,191
26/05/20,Tripura,165,0,194
27/05/20,Tripura,165,0,207
28/05/20,Tripura,165,0,230
29/05/20,Tripura,167,0,242
30/05/20,Tripura,171,0,251
31/05/20,Tripura,172,0,268
01/06/20,Tripura,173,0,313
02/06/20,Tripura,173,0,420
03/06/20,Tripura,173,0,468
04/06/20,Tripura,173,0,468
05/06/20,Tripura,173,0,644
30/03/20,Unassigned,0,0,46
31/03/20,Unassigned,0,0,38
03/04/20,Unassigned,0,0,77
04/03/20,Uttar Pradesh,0,0,6
05/03/20,Uttar Pradesh,0,0,7
06/03/20,Uttar Pradesh,0,0,7
07/03/20,Uttar Pradesh,0,0,7
08/03/20,Uttar Pradesh,0,0,7
09/03/20,Uttar Pradesh,0,0,7
10/03/20,Uttar Pradesh,0,0,7
11/03/20,Uttar Pradesh,0,0,9
12/03/20,Uttar Pradesh,0,0,11
13/03/20,Uttar Pradesh,0,0,11
14/03/20,Uttar Pradesh,5,0,12
15/03/20,Uttar Pradesh,4,0,13
16/03/20,Uttar Pradesh,4,0,13
17/03/20,Uttar Pradesh,5,0,15
18/03/20,Uttar Pradesh,5,0,16
19/03/20,Uttar Pradesh,9,0,19
20/03/20,Uttar Pradesh,9,0,23
21/03/20,Uttar Pradesh,9,0,24
22/03/20,Uttar Pradesh,9,0,27
23/03/20,Uttar Pradesh,9,0,31
24/03/20,Uttar Pradesh,11,0,33
25/03/20,Uttar Pradesh,11,0,37
26/03/20,Uttar Pradesh,11,0,41
27/03/20,Uttar Pradesh,11,0,41
28/03/20,Uttar Pradesh,11,0,55
29/03/20,Uttar Pradesh,11,0,65
30/03/20,Uttar Pradesh,11,0,82
31/03/20,Uttar Pradesh,14,0,101
01/04/20,Uttar Pradesh,14,2,103
02/04/20,Uttar Pradesh,14,2,113
03/04/20,Uttar Pradesh,14,2,172
04/04/20,Uttar Pradesh,19,2,174
05/04/20,Uttar Pradesh,19,2,227
06/04/20,Uttar Pradesh,21,3,305
07/04/20,Uttar Pradesh,21,3,305
08/04/20,Uttar Pradesh,26,3,343
09/04/20,Uttar Pradesh,31,4,410
10/04/20,Uttar Pradesh,32,4,431
11/04/20,Uttar Pradesh,32,4,433
12/04/20,Uttar Pradesh,45,5,452
13/04/20,Uttar Pradesh,47,5,483
14/04/20,Uttar Pradesh,49,5,657
15/04/20,Uttar Pradesh,51,11,735
16/04/20,Uttar Pradesh,68,13,773
17/04/20,Uttar Pradesh,74,14,846
18/04/20,Uttar Pradesh,86,14,969
19/04/20,Uttar Pradesh,108,17,1084
20/04/20,Uttar Pradesh,129,17,1176
21/04/20,Uttar Pradesh,140,20,1294
22/04/20,Uttar Pradesh,165,21,1412
23/04/20,Uttar Pradesh,187,21,1509
24/04/20,Uttar Pradesh,206,24,1604
25/04/20,Uttar Pradesh,248,26,1778
26/04/20,Uttar Pradesh,289,29,1843
27/04/20,Uttar Pradesh,335,31,1955
28/04/20,Uttar Pradesh,400,31,2043
29/04/20,Uttar Pradesh,477,36,2115
30/04/20,Uttar Pradesh,513,39,2203
01/05/20,Uttar Pradesh,555,41,2281
02/05/20,Uttar Pradesh,654,42,2328
03/05/20,Uttar Pradesh,698,43,2626
04/05/20,Uttar Pradesh,758,45,2742
05/05/20,Uttar Pradesh,944,53,2859
06/05/20,Uttar Pradesh,987,56,2880
07/05/20,Uttar Pradesh,1130,60,2998
08/05/20,Uttar Pradesh,1250,62,3071
09/05/20,Uttar Pradesh,1387,66,3214
10/05/20,Uttar Pradesh,1499,74,3373
11/05/20,Uttar Pradesh,1653,74,3467
12/05/20,Uttar Pradesh,1758,80,3573
13/05/20,Uttar Pradesh,1873,82,3664
14/05/20,Uttar Pradesh,1902,83,3729
15/05/20,Uttar Pradesh,2072,88,3902
16/05/20,Uttar Pradesh,2165,95,4057
17/05/20,Uttar Pradesh,2441,104,4258
18/05/20,Uttar Pradesh,2441,104,4259
19/05/20,Uttar Pradesh,2783,118,4605
20/05/20,Uttar Pradesh,2918,123,4926
21/05/20,Uttar Pradesh,3066,127,5175
22/05/20,Uttar Pradesh,3204,138,5515
23/05/20,Uttar Pradesh,3238,152,5735
24/05/20,Uttar Pradesh,3406,155,6017
25/05/20,Uttar Pradesh,3538,161,6268
26/05/20,Uttar Pradesh,3581,165,6532
27/05/20,Uttar Pradesh,3698,170,6548
28/05/20,Uttar Pradesh,3991,182,6991
29/05/20,Uttar Pradesh,4215,197,7170
30/05/20,Uttar Pradesh,4244,198,7284
31/05/20,Uttar Pradesh,4410,201,7445
01/06/20,Uttar Pradesh,4709,213,7823
02/06/20,Uttar Pradesh,4843,217,8075
03/06/20,Uttar Pradesh,5030,222,8361
04/06/20,Uttar Pradesh,5176,229,8729
05/06/20,Uttar Pradesh,5439,245,9237
15/03/20,Uttarakhand,0,0,1
16/03/20,Uttarakhand,0,0,1
17/03/20,Uttarakhand,0,0,1
18/03/20,Uttarakhand,0,0,1
19/03/20,Uttarakhand,0,0,1
20/03/20,Uttarakhand,0,0,3
21/03/20,Uttarakhand,0,0,3
22/03/20,Uttarakhand,0,0,3
23/03/20,Uttarakhand,0,0,3
24/03/20,Uttarakhand,0,0,4
25/03/20,Uttarakhand,0,0,4
26/03/20,Uttarakhand,0,0,5
27/03/20,Uttarakhand,0,0,5
28/03/20,Uttarakhand,0,0,5
29/03/20,Uttarakhand,2,0,7
30/03/20,Uttarakhand,2,0,7
31/03/20,Uttarakhand,2,0,7
01/04/20,Uttarakhand,2,0,7
02/04/20,Uttarakhand,2,0,7
03/04/20,Uttarakhand,2,0,10
04/04/20,Uttarakhand,2,0,16
05/04/20,Uttarakhand,2,0,22
06/04/20,Uttarakhand,4,0,26
07/04/20,Uttarakhand,5,0,31
08/04/20,Uttarakhand,5,0,31
09/04/20,Uttarakhand,5,0,35
10/04/20,Uttarakhand,5,0,35
11/04/20,Uttarakhand,5,0,35
12/04/20,Uttarakhand,5,0,35
13/04/20,Uttarakhand,5,0,35
14/04/20,Uttarakhand,7,0,35
15/04/20,Uttarakhand,9,0,37
16/04/20,Uttarakhand,9,0,37
17/04/20,Uttarakhand,9,0,37
18/04/20,Uttarakhand,9,0,42
19/04/20,Uttarakhand,9,0,42
20/04/20,Uttarakhand,11,0,44
21/04/20,Uttarakhand,18,0,46
22/04/20,Uttarakhand,19,0,46
23/04/20,Uttarakhand,23,0,46
24/04/20,Uttarakhand,24,0,47
25/04/20,Uttarakhand,25,0,48
26/04/20,Uttarakhand,26,0,50
27/04/20,Uttarakhand,33,0,51
28/04/20,Uttarakhand,33,0,51
29/04/20,Uttarakhand,34,0,54
30/04/20,Uttarakhand,36,0,55
01/05/20,Uttarakhand,36,0,57
02/05/20,Uttarakhand,36,0,58
03/05/20,Uttarakhand,39,0,59
04/05/20,Uttarakhand,39,1,60
05/05/20,Uttarakhand,39,1,60
06/05/20,Uttarakhand,39,1,61
07/05/20,Uttarakhand,39,1,61
08/05/20,Uttarakhand,39,1,61
09/05/20,Uttarakhand,46,1,63
10/05/20,Uttarakhand,46,1,67
11/05/20,Uttarakhand,46,1,68
12/05/20,Uttarakhand,46,1,68
13/05/20,Uttarakhand,46,1,69
14/05/20,Uttarakhand,46,1,72
15/05/20,Uttarakhand,50,1,78
16/05/20,Uttarakhand,51,1,82
17/05/20,Uttarakhand,51,1,88
18/05/20,Uttarakhand,52,1,92
19/05/20,Uttarakhand,52,1,93
20/05/20,Uttarakhand,52,1,111
21/05/20,Uttarakhand,53,1,122
22/05/20,Uttarakhand,54,1,146
23/05/20,Uttarakhand,56,1,153
24/05/20,Uttarakhand,56,2,244
25/05/20,Uttarakhand,58,3,317
26/05/20,Uttarakhand,58,3,349
27/05/20,Uttarakhand,64,4,401
28/05/20,Uttarakhand,79,4,469
29/05/20,Uttarakhand,79,4,500
30/05/20,Uttarakhand,102,5,716
31/05/20,Uttarakhand,102,5,749
01/06/20,Uttarakhand,102,5,907
02/06/20,Uttarakhand,222,6,958
03/06/20,Uttarakhand,252,7,1043
04/06/20,Uttarakhand,282,8,1085
05/06/20,Uttarakhand,297,10,1153
18/03/20,West Bengal,0,0,1
19/03/20,West Bengal,0,0,1
20/03/20,West Bengal,0,0,2
21/03/20,West Bengal,0,0,3
22/03/20,West Bengal,0,0,4
23/03/20,West Bengal,0,0,7
24/03/20,West Bengal,0,1,9
25/03/20,West Bengal,0,1,9
26/03/20,West Bengal,0,1,10
27/03/20,West Bengal,0,1,10
28/03/20,West Bengal,0,1,15
29/03/20,West Bengal,0,1,18
30/03/20,West Bengal,0,1,22
31/03/20,West Bengal,0,2,26
01/04/20,West Bengal,6,3,37
02/04/20,West Bengal,6,3,53
03/04/20,West Bengal,3,3,63
04/04/20,West Bengal,3,3,69
05/04/20,West Bengal,10,3,80
06/04/20,West Bengal,10,3,80
07/04/20,West Bengal,13,3,91
08/04/20,West Bengal,13,5,99
09/04/20,West Bengal,16,5,103
10/04/20,West Bengal,16,5,116
11/04/20,West Bengal,16,5,126
12/04/20,West Bengal,19,5,134
13/04/20,West Bengal,29,7,152
14/04/20,West Bengal,36,7,190
15/04/20,West Bengal,37,7,213
16/04/20,West Bengal,42,7,231
17/04/20,West Bengal,51,10,255
18/04/20,West Bengal,55,10,287
19/04/20,West Bengal,62,12,310
20/04/20,West Bengal,66,12,339
21/04/20,West Bengal,73,12,392
22/04/20,West Bengal,73,15,423
23/04/20,West Bengal,79,15,456
24/04/20,West Bengal,103,15,514
25/04/20,West Bengal,103,18,571
26/04/20,West Bengal,105,18,611
27/04/20,West Bengal,105,20,649
28/04/20,West Bengal,109,20,697
29/04/20,West Bengal,119,22,725
30/04/20,West Bengal,124,22,758
01/05/20,West Bengal,139,33,795
02/05/20,West Bengal,139,33,795
03/05/20,West Bengal,151,33,922
04/05/20,West Bengal,151,35,963
05/05/20,West Bengal,218,133,1259
06/05/20,West Bengal,364,140,1344
07/05/20,West Bengal,364,144,1456
08/05/20,West Bengal,364,151,1548
09/05/20,West Bengal,364,160,1678
10/05/20,West Bengal,372,171,1786
11/05/20,West Bengal,417,185,1939
12/05/20,West Bengal,499,190,2063
13/05/20,West Bengal,612,198,2173
14/05/20,West Bengal,702,207,2290
15/05/20,West Bengal,768,215,2377
16/05/20,West Bengal,829,225,2461
17/05/20,West Bengal,872,232,2576
18/05/20,West Bengal,959,238,2677
19/05/20,West Bengal,1006,244,2825
20/05/20,West Bengal,1074,250,2961
21/05/20,West Bengal,1136,253,3103
22/05/20,West Bengal,1193,259,3197
23/05/20,West Bengal,1221,265,3332
24/05/20,West Bengal,1281,269,3459
25/05/20,West Bengal,1339,272,3667
26/05/20,West Bengal,1414,278,3816
27/05/20,West Bengal,1486,283,4009
28/05/20,West Bengal,1578,289,4192
29/05/20,West Bengal,1668,295,4536
30/05/20,West Bengal,1775,302,4813
31/05/20,West Bengal,1970,309,5130
01/06/20,West Bengal,2157,317,5501
02/06/20,West Bengal,2306,325,5772
03/06/20,West Bengal,2410,335,6168
04/06/20,West Bengal,2580,345,6508
05/06/20,West Bengal,2768,355,6876
